symbol,isin,industry,company,series,instrument_token,exchange,asof_ist,adtv_20,passed,liq_reason
HDFCBANK,INE040A01034,Financial Services,HDFC Bank Ltd.,EQ,341249,NSE,2026-09-05T08:07:32.389902+05:30,19207674904.792503,True,
BSE,INE118H01025,Financial Services,BSE Ltd.,EQ,5013761,NSE,2026-09-05T08:07:32.389902+05:30,16946503905.065002,True,
RELIANCE,INE002A01018,Oil Gas & Consumable Fuels,Reliance Industries Ltd.,EQ,738561,NSE,2026-09-05T08:07:32.389902+05:30,13714343560.035,True,
BHARTIARTL,INE397D01024,Telecommunication,Bharti Airtel Ltd.,EQ,2714625,NSE,2026-09-05T08:07:32.389902+05:30,13012711278.554998,True,
ICICIBANK,INE090A01021,Financial Services,ICICI Bank Ltd.,EQ,1270529,NSE,2026-09-05T08:07:32.389902+05:30,12511659030.3,True,
ETERNAL,INE758T01015,Consumer Services,Eternal Ltd.,EQ,1304833,NSE,2026-09-05T08:07:32.389902+05:30,12214102869.335001,True,
NETWEB,INE0NT901020,Information Technology,Netweb Technologies India Ltd.,EQ,4462849,NSE,2026-09-05T08:07:32.389902+05:30,10899266377.92,True,
LENSKART,INE956O01016,Consumer Services,Lenskart Solutions Ltd.,EQ,194458881,NSE,2026-09-05T08:07:32.389902+05:30,9614192184.17,True,
GROWW,INE0HOQ01053,Financial Services,Billionbrains Garage Ventures Ltd.,EQ,194510337,NSE,2026-09-05T08:07:32.389902+05:30,9388806682.761501,True,
HINDCOPPER,INE531E01026,Metals & Mining,Hindustan Copper Ltd.,EQ,4592385,NSE,2026-09-05T08:07:32.389902+05:30,9230984287.615,True,
INFY,INE009A01021,Information Technology,Infosys Ltd.,EQ,408065,NSE,2026-09-05T08:07:32.389902+05:30,9097464292.475,True,
MCX,INE745G01043,Financial Services,Multi Commodity Exchange of India Ltd.,EQ,7982337,NSE,2026-09-05T08:07:32.389902+05:30,8865353013.999998,True,
SBIN,INE062A01020,Financial Services,State Bank of India,EQ,779521,NSE,2026-09-05T08:07:32.389902+05:30,8788048780.215002,True,
ATHERENERG,INE0LEZ01016,Automobile and Auto Components,Ather Energy Ltd.,EQ,193957121,NSE,2026-09-05T08:07:32.389902+05:30,8009362090.345001,True,
PAYTM,INE982J01020,Financial Services,One 97 Communications Ltd.,EQ,1716481,NSE,2026-09-05T08:07:32.389902+05:30,7931898770.69,True,
IFCI,INE039A01010,Financial Services,IFCI Ltd.,EQ,381697,NSE,2026-09-05T08:07:32.389902+05:30,7768873666.592501,True,
IDEA,INE669E01016,Telecommunication,Vodafone Idea Ltd.,EQ,3677697,NSE,2026-09-05T08:07:32.389902+05:30,7223443160.1785,True,
ADANIENSOL,INE931S01010,Power,Adani Energy Solutions Ltd.,EQ,2615553,NSE,2026-09-05T08:07:32.389902+05:30,6872750673.025,True,
WELCORP,INE191B01025,Capital Goods,Welspun Corp Ltd.,EQ,3026177,NSE,2026-09-05T08:07:32.389902+05:30,6810233061.960001,True,
LAURUSLABS,INE947Q01028,Healthcare,Laurus Labs Ltd.,EQ,4923905,NSE,2026-09-05T08:07:32.389902+05:30,6555576722.7699995,True,
SWIGGY,INE00H001014,Consumer Services,Swiggy Ltd.,EQ,6928897,NSE,2026-09-05T08:07:32.389902+05:30,6069481604.765001,True,
M&M,INE101A01026,Automobile and Auto Components,Mahindra & Mahindra Ltd.,EQ,519937,NSE,2026-09-05T08:07:32.389902+05:30,6007674377.545,True,
TCS,INE467B01029,Information Technology,Tata Consultancy Services Ltd.,EQ,2953217,NSE,2026-09-05T08:07:32.389902+05:30,5988944014.92,True,
AXISBANK,INE238A01034,Financial Services,Axis Bank Ltd.,EQ,1510401,NSE,2026-09-05T08:07:32.389902+05:30,5970950899.995,True,
KALYANKJIL,INE303R01014,Consumer Durables,Kalyan Jewellers India Ltd.,EQ,756481,NSE,2026-09-05T08:07:32.389902+05:30,5807995993.502501,True,
HSCL,INE019C01026,Chemicals,Himadri Speciality Chemical Ltd.,EQ,3669505,NSE,2026-09-05T08:07:32.389902+05:30,5709785841.590001,True,
ADANIENT,INE423A01024,Metals & Mining,Adani Enterprises Ltd.,EQ,6401,NSE,2026-09-05T08:07:32.389902+05:30,5603297430.595,True,
LT,INE018A01030,Construction,Larsen & Toubro Ltd.,EQ,2939649,NSE,2026-09-05T08:07:32.389902+05:30,5272086930.200001,True,
LICI,INE0J1Y01017,Financial Services,Life Insurance Corporation of India,EQ,2426881,NSE,2026-09-05T08:07:32.389902+05:30,5261280116.38,True,
BAJFINANCE,INE296A01032,Financial Services,Bajaj Finance Ltd.,EQ,81153,NSE,2026-09-05T08:07:32.389902+05:30,5211230990.335,True,
BALRAMCHIN,INE119A01028,Fast Moving Consumer Goods,Balrampur Chini Mills Ltd.,EQ,87297,NSE,2026-09-05T08:07:32.389902+05:30,5196387217.45,True,
TATASTEEL,INE081A01020,Metals & Mining,Tata Steel Ltd.,EQ,895745,NSE,2026-09-05T08:07:32.389902+05:30,5173924460.191999,True,
DIXON,INE935N01020,Consumer Durables,Dixon Technologies (India) Ltd.,EQ,5552641,NSE,2026-09-05T08:07:32.389902+05:30,5134689843.1,True,
KAYNES,INE918Z01012,Capital Goods,Kaynes Technology India Ltd.,EQ,3095553,NSE,2026-09-05T08:07:32.389902+05:30,5055991956.964999,True,
KOTAKBANK,INE237A01036,Financial Services,Kotak Mahindra Bank Ltd.,EQ,492033,NSE,2026-09-05T08:07:32.389902+05:30,4854852619.6075,True,
SAIL,INE114A01011,Metals & Mining,Steel Authority of India Ltd.,EQ,758529,NSE,2026-09-05T08:07:32.389902+05:30,4819830375.154,True,
ASTERDM,INE914M01019,Healthcare,Aster DM Quality Care Ltd.,EQ,386049,NSE,2026-09-05T08:07:32.389902+05:30,4616087082.722501,True,
HAL,INE066F01020,Capital Goods,Hindustan Aeronautics Ltd.,EQ,589569,NSE,2026-09-05T08:07:32.389902+05:30,4492612404.86,True,
MARUTI,INE585B01010,Automobile and Auto Components,Maruti Suzuki India Ltd.,EQ,2815745,NSE,2026-09-05T08:07:32.389902+05:30,4317098268.1,True,
POWERINDIA,INE07Y701011,Capital Goods,Hitachi Energy India Ltd.,EQ,4724993,NSE,2026-09-05T08:07:32.389902+05:30,4233120730.75,True,
GRASIM,INE047A01021,Construction Materials,Grasim Industries Ltd.,EQ,315393,NSE,2026-09-05T08:07:32.389902+05:30,4231566894.215,True,
ADANIPOWER,INE814H01029,Power,Adani Power Ltd.,EQ,4451329,NSE,2026-09-05T08:07:32.389902+05:30,4222953521.535001,True,
HINDZINC,INE267A01025,Metals & Mining,Hindustan Zinc Ltd.,EQ,364545,NSE,2026-09-05T08:07:32.389902+05:30,4101990987.275,True,
SHRIRAMFIN,INE721A01047,Financial Services,Shriram Finance Ltd.,EQ,1102337,NSE,2026-09-05T08:07:32.389902+05:30,4058445661.2399993,True,
COALINDIA,INE522F01014,Oil Gas & Consumable Fuels,Coal India Ltd.,EQ,5215745,NSE,2026-09-05T08:07:32.389902+05:30,4046874213.3050003,True,
TMCV,INE1TAE01010,Capital Goods,Tata Motors Ltd.,EQ,194504193,NSE,2026-09-05T08:07:32.389902+05:30,4000509210.085,True,
GVT&D,INE200A01026,Capital Goods,GE Vernova T&D India Ltd.,EQ,4296449,NSE,2026-09-05T08:07:32.389902+05:30,3927219873.245,True,
COFORGE,INE591G01025,Information Technology,Coforge Ltd.,EQ,2955009,NSE,2026-09-05T08:07:32.389902+05:30,3902360060.435,True,
ADANIPORTS,INE742F01042,Services,Adani Ports and Special Economic Zone Ltd.,EQ,3861249,NSE,2026-09-05T08:07:32.389902+05:30,3898659687.06,True,
TITAN,INE280A01028,Consumer Durables,Titan Company Ltd.,EQ,897537,NSE,2026-09-05T08:07:32.389902+05:30,3889515655.4899993,True,
HINDALCO,INE038A01020,Metals & Mining,Hindalco Industries Ltd.,EQ,348929,NSE,2026-09-05T08:07:32.389902+05:30,3878962783.8174996,True,
TVSMOTOR,INE494B01023,Automobile and Auto Components,TVS Motor Company Ltd.,EQ,2170625,NSE,2026-09-05T08:07:32.389902+05:30,3875272025.6050005,True,
BEL,INE263A01024,Capital Goods,Bharat Electronics Ltd.,EQ,98049,NSE,2026-09-05T08:07:32.389902+05:30,3827610029.7274995,True,
DIVISLAB,INE361B01024,Healthcare,Divi's Laboratories Ltd.,EQ,2800641,NSE,2026-09-05T08:07:32.389902+05:30,3810737648.55,True,
PFC,INE134E01011,Financial Services,Power Finance Corporation Ltd.,EQ,3660545,NSE,2026-09-05T08:07:32.389902+05:30,3807811409.2649994,True,
ITC,INE154A01025,Fast Moving Consumer Goods,ITC Ltd.,EQ,424961,NSE,2026-09-05T08:07:32.389902+05:30,3793970564.2875,True,
SOLARINDS,INE343H01029,Chemicals,Solar Industries India Ltd.,EQ,3412993,NSE,2026-09-05T08:07:32.389902+05:30,3663018134.1,True,
TECHM,INE669C01036,Information Technology,Tech Mahindra Ltd.,EQ,3465729,NSE,2026-09-05T08:07:32.389902+05:30,3546499239.81,True,
APOLLOHOSP,INE437A01024,Healthcare,Apollo Hospitals Enterprise Ltd.,EQ,40193,NSE,2026-09-05T08:07:32.389902+05:30,3533046562.5,True,
VEDL,INE205A01025,Metals & Mining,Vedanta Ltd.,EQ,784129,NSE,2026-09-05T08:07:32.389902+05:30,3521547569.0724998,True,
HEROMOTOCO,INE158A01026,Automobile and Auto Components,Hero MotoCorp Ltd.,EQ,345089,NSE,2026-09-05T08:07:32.389902+05:30,3514256127.175,True,
CHENNPETRO,INE178A01016,Oil Gas & Consumable Fuels,Chennai Petroleum Corporation Ltd.,EQ,524545,NSE,2026-09-05T08:07:32.389902+05:30,3512829933.775,True,
DATAPATTNS,INE0IX101010,Capital Goods,Data Patterns (India) Ltd.,EQ,1883649,NSE,2026-09-05T08:07:32.389902+05:30,3505466760.35,True,
ZEEL,INE256A01028,Media Entertainment & Publication,Zee Entertainment Enterprises Ltd.,EQ,975873,NSE,2026-09-05T08:07:32.389902+05:30,3449887761.193,True,
BHEL,INE257A01026,Capital Goods,Bharat Heavy Electricals Ltd.,EQ,112129,NSE,2026-09-05T08:07:32.389902+05:30,3394514151.3374996,True,
EICHERMOT,INE066A01021,Automobile and Auto Components,Eicher Motors Ltd.,EQ,232961,NSE,2026-09-05T08:07:32.389902+05:30,3325007722.025,True,
PINELABS,INE15B701018,Financial Services,Pine Labs Ltd.,EQ,194513921,NSE,2026-09-05T08:07:32.389902+05:30,3277465534.9255,True,
POLYCAB,INE455K01017,Capital Goods,Polycab India Ltd.,EQ,2455041,NSE,2026-09-05T08:07:32.389902+05:30,3237009039.275,True,
TMPV,INE155A01022,Automobile and Auto Components,Tata Motors Passenger Vehicles Ltd.,EQ,884737,NSE,2026-09-05T08:07:32.389902+05:30,3129643064.55,True,
JIOFIN,INE758E01017,Financial Services,Jio Financial Services Ltd.,EQ,4644609,NSE,2026-09-05T08:07:32.389902+05:30,3037513422.2675,True,
MEESHO,INE0VDM01015,Consumer Services,Meesho Ltd.,EQ,194618625,NSE,2026-09-05T08:07:32.389902+05:30,3019164295.2209997,True,
NATIONALUM,INE139A01034,Metals & Mining,National Aluminium Co. Ltd.,EQ,1629185,NSE,2026-09-05T08:07:32.389902+05:30,2983502699.8375,True,
MUTHOOTFIN,INE414G01012,Financial Services,Muthoot Finance Ltd.,EQ,6054401,NSE,2026-09-05T08:07:32.389902+05:30,2962533789.595,True,
SUNPHARMA,INE044A01036,Healthcare,Sun Pharmaceutical Industries Ltd.,EQ,857857,NSE,2026-09-05T08:07:32.389902+05:30,2960787064.235,True,
FINCABLES,INE235A01022,Capital Goods,Finolex Cables Ltd.,EQ,265729,NSE,2026-09-05T08:07:32.389902+05:30,2892885555.0175004,True,
TEJASNET,INE010J01012,Telecommunication,Tejas Networks Ltd.,EQ,5409537,NSE,2026-09-05T08:07:32.389902+05:30,2881062621.6575,True,
NTPC,INE733E01010,Power,NTPC Ltd.,EQ,2977281,NSE,2026-09-05T08:07:32.389902+05:30,2879531980.1575003,True,
BHARATFORG,INE465A01025,Automobile and Auto Components,Bharat Forge Ltd.,EQ,108033,NSE,2026-09-05T08:07:32.389902+05:30,2858375284.74,True,
BAJAJ-AUTO,INE917I01010,Automobile and Auto Components,Bajaj Auto Ltd.,EQ,4267265,NSE,2026-09-05T08:07:32.389902+05:30,2833296569.8,True,
GLAND,INE068V01023,Healthcare,Gland Pharma Ltd.,EQ,303617,NSE,2026-09-05T08:07:32.389902+05:30,2813509346.7,True,
ULTRACEMCO,INE481G01011,Construction Materials,UltraTech Cement Ltd.,EQ,2952193,NSE,2026-09-05T08:07:32.389902+05:30,2753400979.75,True,
ONGC,INE213A01029,Oil Gas & Consumable Fuels,Oil & Natural Gas Corporation Ltd.,EQ,633601,NSE,2026-09-05T08:07:32.389902+05:30,2740471927.6615,True,
ASHOKLEY,INE208A01029,Capital Goods,Ashok Leyland Ltd.,EQ,54273,NSE,2026-09-05T08:07:32.389902+05:30,2737611366.6664996,True,
APARINDS,INE372A01015,Capital Goods,Apar Industries Ltd.,EQ,2941697,NSE,2026-09-05T08:07:32.389902+05:30,2716811748.85,True,
GODREJCP,INE102D01028,Fast Moving Consumer Goods,Godrej Consumer Products Ltd.,EQ,2585345,NSE,2026-09-05T08:07:32.389902+05:30,2675212196.91,True,
INDIGO,INE646L01027,Services,InterGlobe Aviation Ltd.,EQ,2865921,NSE,2026-09-05T08:07:32.389902+05:30,2663933556.875,True,
PERSISTENT,INE262H01021,Information Technology,Persistent Systems Ltd.,EQ,4701441,NSE,2026-09-05T08:07:32.389902+05:30,2662260334.85,True,
NAUKRI,INE663F01032,Consumer Services,Info Edge (India) Ltd.,EQ,3520257,NSE,2026-09-05T08:07:32.389902+05:30,2621642110.55,True,
BDL,INE171Z01026,Capital Goods,Bharat Dynamics Ltd.,EQ,548865,NSE,2026-09-05T08:07:32.389902+05:30,2598647574.975,True,
OFSS,INE881D01027,Information Technology,Oracle Financial Services Software Ltd.,EQ,2748929,NSE,2026-09-05T08:07:32.389902+05:30,2589962696.7,True,
VBL,INE200M01039,Fast Moving Consumer Goods,Varun Beverages Ltd.,EQ,4843777,NSE,2026-09-05T08:07:32.389902+05:30,2541895278.2499995,True,
KEI,INE878B01027,Capital Goods,KEI Industries Ltd.,EQ,3407361,NSE,2026-09-05T08:07:32.389902+05:30,2524584444.62,True,
ASTRAL,INE006I01046,Capital Goods,Astral Ltd.,EQ,3691009,NSE,2026-09-05T08:07:32.389902+05:30,2523034510.7349997,True,
URBANCO,INE0CAZ01013,Consumer Services,Urban Company Ltd.,EQ,194325505,NSE,2026-09-05T08:07:32.389902+05:30,2508112534.5519996,True,
AMBER,INE371P01015,Consumer Durables,Amber Enterprises India Ltd.,EQ,303361,NSE,2026-09-05T08:07:32.389902+05:30,2492001330.55,True,
HCLTECH,INE860A01027,Information Technology,HCL Technologies Ltd.,EQ,1850625,NSE,2026-09-05T08:07:32.389902+05:30,2473571141.2,True,
HINDUNILVR,INE030A01027,Fast Moving Consumer Goods,Hindustan Unilever Ltd.,EQ,356865,NSE,2026-09-05T08:07:32.389902+05:30,2430801874.8750005,True,
PWL,INE0LP301011,Consumer Services,Physicswallah Ltd.,EQ,194489089,NSE,2026-09-05T08:07:32.389902+05:30,2297943143.766,True,
BOSCHLTD,INE323A01026,Automobile and Auto Components,Bosch Ltd.,EQ,558337,NSE,2026-09-05T08:07:32.389902+05:30,2296523723.75,True,
HDFCAMC,INE127D01025,Financial Services,HDFC Asset Management Company Ltd.,EQ,1086465,NSE,2026-09-05T08:07:32.389902+05:30,2295509171.4249997,True,
CUMMINSIND,INE298A01020,Capital Goods,Cummins India Ltd.,EQ,486657,NSE,2026-09-05T08:07:32.389902+05:30,2293872111.925,True,
NESTLEIND,INE239A01024,Fast Moving Consumer Goods,Nestle India Ltd.,EQ,4598529,NSE,2026-09-05T08:07:32.389902+05:30,2281205240.07,True,
TENNIND,INE19RI01016,Automobile and Auto Components,Tenneco Clean Air India Ltd.,EQ,194529281,NSE,2026-09-05T08:07:32.389902+05:30,2266552339.0775003,True,
MANAPPURAM,INE522D01027,Financial Services,Manappuram Finance Ltd.,EQ,4879617,NSE,2026-09-05T08:07:32.389902+05:30,2253471278.4575,True,
POWERGRID,INE752E01010,Power,Power Grid Corporation of India Ltd.,EQ,3834113,NSE,2026-09-05T08:07:32.389902+05:30,2200846273.9425,True,
SBICARD,INE018E01016,Financial Services,SBI Cards and Payment Services Ltd.,EQ,4600577,NSE,2026-09-05T08:07:32.389902+05:30,2196044232.4775,True,
RECLTD,INE020B01018,Financial Services,REC Ltd.,EQ,3930881,NSE,2026-09-05T08:07:32.389902+05:30,2169149312.65,True,
MRPL,INE103A01014,Oil Gas & Consumable Fuels,Mangalore Refinery & Petrochemicals Ltd.,EQ,584449,NSE,2026-09-05T08:07:32.389902+05:30,2160037063.8690004,True,
JSWSTEEL,INE019A01038,Metals & Mining,JSW Steel Ltd.,EQ,3001089,NSE,2026-09-05T08:07:32.389902+05:30,2157675847.295,True,
POLICYBZR,INE417T01026,Financial Services,PB Fintech Ltd.,EQ,1703937,NSE,2026-09-05T08:07:32.389902+05:30,2150668585.8049994,True,
MOTHERSON,INE775A01035,Automobile and Auto Components,Samvardhana Motherson International Ltd.,EQ,1076225,NSE,2026-09-05T08:07:32.389902+05:30,2123882043.1890004,True,
ADANIGREEN,INE364U01010,Power,Adani Green Energy Ltd.,EQ,912129,NSE,2026-09-05T08:07:32.389902+05:30,2123102748.15,True,
ZYDUSLIFE,INE010B01027,Healthcare,Zydus Lifesciences Ltd.,EQ,2029825,NSE,2026-09-05T08:07:32.389902+05:30,2059841376.4150002,True,
LUPIN,INE326A01037,Healthcare,Lupin Ltd.,EQ,2672641,NSE,2026-09-05T08:07:32.389902+05:30,2057962192.3850002,True,
TATAPOWER,INE245A01021,Power,Tata Power Co. Ltd.,EQ,877057,NSE,2026-09-05T08:07:32.389902+05:30,2054808852.4,True,
ICICIAMC,INE346A01027,Financial Services,ICICI Prudential Asset Management Company Ltd.,EQ,194664193,NSE,2026-09-05T08:07:32.389902+05:30,2041095521.6699996,True,
TRENT,INE849A01020,Consumer Services,Trent Ltd.,EQ,502785,NSE,2026-09-05T08:07:32.389902+05:30,2007987983.3750005,True,
MAXHEALTH,INE027H01010,Healthcare,Max Healthcare Institute Ltd.,EQ,5728513,NSE,2026-09-05T08:07:32.389902+05:30,2002355455.33,True,
SUZLON,INE040H01021,Capital Goods,Suzlon Energy Ltd.,EQ,3076609,NSE,2026-09-05T08:07:32.389902+05:30,1963755170.5294998,True,
WELSPUNLIV,INE192B01031,Textiles,Welspun Living Ltd.,EQ,2880769,NSE,2026-09-05T08:07:32.389902+05:30,1959492249.3544998,True,
MAZDOCK,INE249Z01020,Capital Goods,Mazagoan Dock Shipbuilders Ltd.,EQ,130305,NSE,2026-09-05T08:07:32.389902+05:30,1957451080.78,True,
HINDPETRO,INE094A01015,Oil Gas & Consumable Fuels,Hindustan Petroleum Corporation Ltd.,EQ,359937,NSE,2026-09-05T08:07:32.389902+05:30,1952785563.1774998,True,
INDUSTOWER,INE121J01017,Telecommunication,Indus Towers Ltd.,EQ,7458561,NSE,2026-09-05T08:07:32.389902+05:30,1932833109.4075,True,
DLF,INE271C01023,Realty,DLF Ltd.,EQ,3771393,NSE,2026-09-05T08:07:32.389902+05:30,1926471068.2150002,True,
OLAELEC,INE0LXG01040,Automobile and Auto Components,Ola Electric Mobility Ltd.,EQ,6342913,NSE,2026-09-05T08:07:32.389902+05:30,1918329610.6619995,True,
ANGELONE,INE732I01021,Financial Services,Angel One Ltd.,EQ,82945,NSE,2026-09-05T08:07:32.389902+05:30,1915150944.2900002,True,
VMM,INE01EA01019,Consumer Services,Vishal Mega Mart Ltd.,EQ,7160065,NSE,2026-09-05T08:07:32.389902+05:30,1899226452.9399998,True,
UNIONBANK,INE692A01016,Financial Services,Union Bank of India,EQ,2752769,NSE,2026-09-05T08:07:32.389902+05:30,1898869503.8835003,True,
BANKBARODA,INE028A01039,Financial Services,Bank of Baroda,EQ,1195009,NSE,2026-09-05T08:07:32.389902+05:30,1887260879.0379996,True,
CGPOWER,INE067A01029,Capital Goods,CG Power and Industrial Solutions Ltd.,EQ,194561,NSE,2026-09-05T08:07:32.389902+05:30,1885320958.4825,True,
REDINGTON,INE891D01026,Services,Redington Ltd.,EQ,3649281,NSE,2026-09-05T08:07:32.389902+05:30,1874544756.4175,True,
LGEINDIA,INE324D01010,Consumer Durables,LG Electronics India Ltd.,EQ,194614529,NSE,2026-09-05T08:07:32.389902+05:30,1830705770.685,True,
IIFL,INE530B01024,Financial Services,IIFL Finance Ltd.,EQ,3023105,NSE,2026-09-05T08:07:32.389902+05:30,1824294614.4599998,True,
CGCL,INE180C01042,Financial Services,Capri Global Capital Ltd.,EQ,5204225,NSE,2026-09-05T08:07:32.389902+05:30,1812928049.7655003,True,
CYIENT,INE136B01020,Information Technology,Cyient Ltd.,EQ,1471489,NSE,2026-09-05T08:07:32.389902+05:30,1791142174.7499995,True,
DRREDDY,INE089A01031,Healthcare,Dr. Reddy's Laboratories Ltd.,EQ,225537,NSE,2026-09-05T08:07:32.389902+05:30,1772945069.8050003,True,
CDSL,INE736A01011,Financial Services,Central Depository Services (India) Ltd.,EQ,5420545,NSE,2026-09-05T08:07:32.389902+05:30,1766407789.4649997,True,
ANANTRAJ,INE242C01024,Realty,Anant Raj Ltd.,EQ,3486721,NSE,2026-09-05T08:07:32.389902+05:30,1733770793.1924999,True,
BALKRISIND,INE787D01026,Automobile and Auto Components,Balkrishna Industries Ltd.,EQ,85761,NSE,2026-09-05T08:07:32.389902+05:30,1728894403.03,True,
DMART,INE192R01011,Consumer Services,Avenue Supermarts Ltd.,EQ,5097729,NSE,2026-09-05T08:07:32.389902+05:30,1720669125.5,True,
CHOLAFIN,INE121A01024,Financial Services,Cholamandalam Investment and Finance Company Ltd.,EQ,175361,NSE,2026-09-05T08:07:32.389902+05:30,1716688881.09,True,
LICHSGFIN,INE115A01026,Financial Services,LIC Housing Finance Ltd.,EQ,511233,NSE,2026-09-05T08:07:32.389902+05:30,1716420281.415,True,
LTM,INE214T01019,Information Technology,LTM Ltd.,EQ,4561409,NSE,2026-09-05T08:07:32.389902+05:30,1701214312.73,True,
ASIANPAINT,INE021A01026,Consumer Durables,Asian Paints Ltd.,EQ,60417,NSE,2026-09-05T08:07:32.389902+05:30,1695757057.97,True,
FACT,INE188A01015,Chemicals,Fertilisers and Chemicals Travancore Ltd.,EQ,258049,NSE,2026-09-05T08:07:32.389902+05:30,1691909338.4725,True,
FEDERALBNK,INE171A01029,Financial Services,Federal Bank Ltd.,EQ,261889,NSE,2026-09-05T08:07:32.389902+05:30,1685681182.2725,True,
WOCKPHARMA,INE049B01025,Healthcare,Wockhardt Ltd.,EQ,1921537,NSE,2026-09-05T08:07:32.389902+05:30,1660162988.805,True,
CANBK,INE476A01022,Financial Services,Canara Bank,EQ,2763265,NSE,2026-09-05T08:07:32.389902+05:30,1659176635.7965002,True,
SIEMENS,INE003A01024,Capital Goods,Siemens Ltd.,EQ,806401,NSE,2026-09-05T08:07:32.389902+05:30,1656410293.9299998,True,
NAM-INDIA,INE298J01013,Financial Services,Nippon Life India Asset Management Ltd.,EQ,91393,NSE,2026-09-05T08:07:32.389902+05:30,1642258183.2199998,True,
ENGINERSIN,INE510A01028,Construction,Engineers India Ltd.,EQ,1256193,NSE,2026-09-05T08:07:32.389902+05:30,1630002965.653,True,
BPCL,INE029A01011,Oil Gas & Consumable Fuels,Bharat Petroleum Corporation Ltd.,EQ,134657,NSE,2026-09-05T08:07:32.389902+05:30,1625372698.89,True,
AUBANK,INE949L01017,Financial Services,AU Small Finance Bank Ltd.,EQ,5436929,NSE,2026-09-05T08:07:32.389902+05:30,1605999273.9050002,True,
SBILIFE,INE123W01016,Financial Services,SBI Life Insurance Company Ltd.,EQ,5582849,NSE,2026-09-05T08:07:32.389902+05:30,1604053099.5249999,True,
PNB,INE160A01022,Financial Services,Punjab National Bank,EQ,2730497,NSE,2026-09-05T08:07:32.389902+05:30,1595067905.275,True,
LODHA,INE670K01029,Realty,Lodha Developers Ltd.,EQ,824321,NSE,2026-09-05T08:07:32.389902+05:30,1593902393.52,True,
NMDC,INE584A01023,Metals & Mining,NMDC Ltd.,EQ,3924993,NSE,2026-09-05T08:07:32.389902+05:30,1587077131.392,True,
SYRMA,INE0DYJ01015,Capital Goods,Syrma SGS Technology Ltd.,EQ,2763009,NSE,2026-09-05T08:07:32.389902+05:30,1572888938.6300004,True,
TORNTPHARM,INE685A01028,Healthcare,Torrent Pharmaceuticals Ltd.,EQ,900609,NSE,2026-09-05T08:07:32.389902+05:30,1565870479.375,True,
NYKAA,INE388Y01029,Consumer Services,FSN E-Commerce Ventures Ltd.,EQ,1675521,NSE,2026-09-05T08:07:32.389902+05:30,1545842951.9525,True,
HYUNDAI,INE0V6F01027,Automobile and Auto Components,Hyundai Motor India Ltd.,EQ,6616065,NSE,2026-09-05T08:07:32.389902+05:30,1542386581.13,True,
NIACL,INE470Y01017,Financial Services,The New India Assurance Company Ltd.,EQ,102145,NSE,2026-09-05T08:07:32.389902+05:30,1529960011.49,True,
RRKABEL,INE777K01022,Capital Goods,R R Kabel Ltd.,EQ,4752897,NSE,2026-09-05T08:07:32.389902+05:30,1519820666.96,True,
BRITANNIA,INE216A01030,Fast Moving Consumer Goods,Britannia Industries Ltd.,EQ,140033,NSE,2026-09-05T08:07:32.389902+05:30,1511361719.45,True,
APLAPOLLO,INE702C01027,Capital Goods,APL Apollo Tubes Ltd.,EQ,6599681,NSE,2026-09-05T08:07:32.389902+05:30,1471844730.6399999,True,
SONACOMS,INE073K01018,Automobile and Auto Components,Sona BLW Precision Forgings Ltd.,EQ,1199105,NSE,2026-09-05T08:07:32.389902+05:30,1464572080.4875002,True,
ENRIN,INE1NPP01017,Capital Goods,Siemens Energy India Ltd.,EQ,193758977,NSE,2026-09-05T08:07:32.389902+05:30,1458163741.91,True,
LTF,INE498L01015,Financial Services,L&T Finance Ltd.,EQ,6386689,NSE,2026-09-05T08:07:32.389902+05:30,1454161885.34,True,
ICICIGI,INE765G01017,Financial Services,ICICI Lombard General Insurance Company Ltd.,EQ,5573121,NSE,2026-09-05T08:07:32.389902+05:30,1450027318.5300002,True,
WIPRO,INE075A01022,Information Technology,Wipro Ltd.,EQ,969473,NSE,2026-09-05T08:07:32.389902+05:30,1436679387.7855,True,
HDFCLIFE,INE795G01014,Financial Services,HDFC Life Insurance Company Ltd.,EQ,119553,NSE,2026-09-05T08:07:32.389902+05:30,1432000178.3025002,True,
AUROPHARMA,INE406A01037,Healthcare,Aurobindo Pharma Ltd.,EQ,70401,NSE,2026-09-05T08:07:32.389902+05:30,1387505974.7599998,True,
OIL,INE274J01014,Oil Gas & Consumable Fuels,Oil India Ltd.,EQ,4464129,NSE,2026-09-05T08:07:32.389902+05:30,1382785866.7575002,True,
SAMMAANCAP,INE148I01020,Financial Services,Sammaan Capital Ltd.,EQ,7712001,NSE,2026-09-05T08:07:32.389902+05:30,1376189075.5305,True,
BAJAJFINSV,INE918I01026,Financial Services,Bajaj Finserv Ltd.,EQ,4268801,NSE,2026-09-05T08:07:32.389902+05:30,1364863633.7450001,True,
MAHABANK,INE457A01014,Financial Services,Bank of Maharashtra,EQ,2912513,NSE,2026-09-05T08:07:32.389902+05:30,1361998730.749,True,
IPCALAB,INE571A01038,Healthcare,Ipca Laboratories Ltd.,EQ,418049,NSE,2026-09-05T08:07:32.389902+05:30,1358441013.875,True,
FORCEMOT,INE451A01017,Automobile and Auto Components,Force Motors Ltd.,EQ,2962689,NSE,2026-09-05T08:07:32.389902+05:30,1356070953.05,True,
PIDILITIND,INE318A01026,Chemicals,Pidilite Industries Ltd.,EQ,681985,NSE,2026-09-05T08:07:32.389902+05:30,1347279712.6000001,True,
JYOTICNC,INE980O01024,Capital Goods,Jyoti CNC Automation Ltd.,EQ,5461505,NSE,2026-09-05T08:07:32.389902+05:30,1347196944.2,True,
VOLTAS,INE226A01021,Consumer Durables,Voltas Ltd.,EQ,951809,NSE,2026-09-05T08:07:32.389902+05:30,1338184577.585,True,
GMRAIRPORT,INE776C01039,Services,GMR Airports Ltd.,EQ,3463169,NSE,2026-09-05T08:07:32.389902+05:30,1329358302.6865,True,
PAGEIND,INE761H01022,Textiles,Page Industries Ltd.,EQ,3689729,NSE,2026-09-05T08:07:32.389902+05:30,1308653696.0,True,
DELHIVERY,INE148O01028,Services,Delhivery Ltd.,EQ,2457345,NSE,2026-09-05T08:07:32.389902+05:30,1298312974.645,True,
RADICO,INE944F01028,Fast Moving Consumer Goods,Radico Khaitan Ltd,EQ,2813441,NSE,2026-09-05T08:07:32.389902+05:30,1298231925.7350001,True,
TIINDIA,INE974X01010,Automobile and Auto Components,Tube Investments of India Ltd.,EQ,79873,NSE,2026-09-05T08:07:32.389902+05:30,1297753077.455,True,
TATACONSUM,INE192A01025,Fast Moving Consumer Goods,Tata Consumer Products Ltd.,EQ,878593,NSE,2026-09-05T08:07:32.389902+05:30,1287429115.1950002,True,
BBTC,INE050A01025,Fast Moving Consumer Goods,Bombay Burmah Trading Corporation Ltd.,EQ,97281,NSE,2026-09-05T08:07:32.389902+05:30,1279911000.4750001,True,
MARICO,INE196A01026,Fast Moving Consumer Goods,Marico Ltd.,EQ,1041153,NSE,2026-09-05T08:07:32.389902+05:30,1273432326.75,True,
GAIL,INE129A01019,Oil Gas & Consumable Fuels,GAIL (India) Ltd.,EQ,1207553,NSE,2026-09-05T08:07:32.389902+05:30,1262335653.1790001,True,
JUBLFOOD,INE797F01020,Consumer Services,Jubilant Foodworks Ltd.,EQ,4632577,NSE,2026-09-05T08:07:32.389902+05:30,1261174206.7725003,True,
COCHINSHIP,INE704P01025,Capital Goods,Cochin Shipyard Ltd.,EQ,5506049,NSE,2026-09-05T08:07:32.389902+05:30,1259716071.79,True,
GLENMARK,INE935A01035,Healthcare,Glenmark Pharmaceuticals Ltd.,EQ,1895937,NSE,2026-09-05T08:07:32.389902+05:30,1248487318.91,True,
FORTIS,INE061F01013,Healthcare,Fortis Healthcare Ltd.,EQ,3735553,NSE,2026-09-05T08:07:32.389902+05:30,1248328895.985,True,
ABB,INE117A01022,Capital Goods,ABB India Ltd.,EQ,3329,NSE,2026-09-05T08:07:32.389902+05:30,1241927583.975,True,
RBLBANK,INE976G01028,Financial Services,RBL Bank Ltd.,EQ,4708097,NSE,2026-09-05T08:07:32.389902+05:30,1239007313.7625003,True,
MOTILALOFS,INE338I01027,Financial Services,Motilal Oswal Financial Services Ltd.,EQ,3826433,NSE,2026-09-05T08:07:32.389902+05:30,1221892353.37,True,
ABCAPITAL,INE674K01013,Financial Services,Aditya Birla Capital Ltd.,EQ,5533185,NSE,2026-09-05T08:07:32.389902+05:30,1221237405.8674998,True,
GESHIP,INE017A01032,Services,Great Eastern Shipping Co. Ltd.,EQ,3526657,NSE,2026-09-05T08:07:32.389902+05:30,1213907015.835,True,
LTFOODS,INE818H01020,Fast Moving Consumer Goods,LT Foods Ltd.,EQ,3536897,NSE,2026-09-05T08:07:32.389902+05:30,1213690562.1,True,
FLUOROCHEM,INE09N301011,Chemicals,Gujarat Fluorochemicals Ltd.,EQ,3520001,NSE,2026-09-05T08:07:32.389902+05:30,1212439830.655,True,
NEULANDLAB,INE794A01010,Healthcare,Neuland Laboratories Ltd.,EQ,615937,NSE,2026-09-05T08:07:32.389902+05:30,1209851260.5,True,
WAAREEENER,INE377N01017,Capital Goods,Waaree Energies Ltd.,EQ,6632193,NSE,2026-09-05T08:07:32.389902+05:30,1207653156.405,True,
INDUSINDBK,INE095A01012,Financial Services,IndusInd Bank Ltd.,EQ,1346049,NSE,2026-09-05T08:07:32.389902+05:30,1203003755.36,True,
NAVINFLUOR,INE048G01026,Chemicals,Navin Fluorine International Ltd.,EQ,3756033,NSE,2026-09-05T08:07:32.389902+05:30,1195192353.75,True,
IDFCFIRSTB,INE092T01019,Financial Services,IDFC First Bank Ltd.,EQ,2863105,NSE,2026-09-05T08:07:32.389902+05:30,1194431514.1625,True,
SAILIFE,INE570L01029,Healthcare,Sai Life Sciences Ltd.,EQ,7126785,NSE,2026-09-05T08:07:32.389902+05:30,1180426408.525,True,
EXIDEIND,INE302A01020,Automobile and Auto Components,Exide Industries Ltd.,EQ,173057,NSE,2026-09-05T08:07:32.389902+05:30,1152264879.1174998,True,
UPL,INE628A01036,Chemicals,UPL Ltd.,EQ,2889473,NSE,2026-09-05T08:07:32.389902+05:30,1151689756.7824998,True,
PTCIL,INE596F01018,Capital Goods,PTC Industries Ltd.,EQ,4270593,NSE,2026-09-05T08:07:32.389902+05:30,1149625805.7,True,
YESBANK,INE528G01035,Financial Services,Yes Bank Ltd.,EQ,3050241,NSE,2026-09-05T08:07:32.389902+05:30,1132543652.6720002,True,
TATATECH,INE142M01025,Information Technology,Tata Technologies Ltd.,EQ,5195009,NSE,2026-09-05T08:07:32.389902+05:30,1131092315.4350002,True,
GRSE,INE382Z01011,Capital Goods,Garden Reach Shipbuilders & Engineers Ltd.,EQ,1401601,NSE,2026-09-05T08:07:32.389902+05:30,1129798120.225,True,
INOXWIND,INE066P01011,Capital Goods,Inox Wind Ltd.,EQ,2010113,NSE,2026-09-05T08:07:32.389902+05:30,1126458553.1755002,True,
MFSL,INE180A01020,Financial Services,Max Financial Services Ltd.,EQ,548353,NSE,2026-09-05T08:07:32.389902+05:30,1110017406.0549998,True,
INDHOTEL,INE053A01029,Consumer Services,Indian Hotels Co. Ltd.,EQ,387073,NSE,2026-09-05T08:07:32.389902+05:30,1107612845.8225,True,
CARTRADE,INE290S01011,Consumer Services,Cartrade Tech Ltd.,EQ,1384193,NSE,2026-09-05T08:07:32.389902+05:30,1104958887.3200002,True,
IDBI,INE008A01015,Financial Services,IDBI Bank Ltd.,EQ,377857,NSE,2026-09-05T08:07:32.389902+05:30,1101746934.0405002,True,
BELRISE,INE894V01022,Automobile and Auto Components,Belrise Industries Ltd.,EQ,193818113,NSE,2026-09-05T08:07:32.389902+05:30,1099796411.408,True,
HBLENGINE,INE292B01021,Capital Goods,HBL Engineering Ltd.,EQ,3575297,NSE,2026-09-05T08:07:32.389902+05:30,1099219913.9824998,True,
AEGISLOG,INE208C01025,Oil Gas & Consumable Fuels,Aegis Logistics Ltd.,EQ,10241,NSE,2026-09-05T08:07:32.389902+05:30,1098475239.45,True,
GODREJPROP,INE484J01027,Realty,Godrej Properties Ltd.,EQ,4576001,NSE,2026-09-05T08:07:32.389902+05:30,1098008126.52,True,
SAGILITY,INE0W2G01015,Information Technology,Sagility Ltd.,EQ,6925313,NSE,2026-09-05T08:07:32.389902+05:30,1086401663.2635002,True,
JSWENERGY,INE121E01018,Power,JSW Energy Ltd.,EQ,4574465,NSE,2026-09-05T08:07:32.389902+05:30,1086102476.565,True,
IOC,INE242A01010,Oil Gas & Consumable Fuels,Indian Oil Corporation Ltd.,EQ,415745,NSE,2026-09-05T08:07:32.389902+05:30,1085453706.7164998,True,
MPHASIS,INE356A01018,Information Technology,MphasiS Ltd.,EQ,1152769,NSE,2026-09-05T08:07:32.389902+05:30,1072130862.04,True,
BIOCON,INE376G01013,Healthcare,Biocon Ltd.,EQ,2911489,NSE,2026-09-05T08:07:32.389902+05:30,1059834166.1474998,True,
HONASA,INE0J5401028,Fast Moving Consumer Goods,Honasa Consumer Ltd.,EQ,5072129,NSE,2026-09-05T08:07:32.389902+05:30,1058139201.1325,True,
CPPLUS,INE819V01029,Capital Goods,Aditya Infotech Ltd.,EQ,194267649,NSE,2026-09-05T08:07:32.389902+05:30,1056935694.6050001,True,
PATANJALI,INE619A01035,Fast Moving Consumer Goods,Patanjali Foods Ltd.,EQ,4359425,NSE,2026-09-05T08:07:32.389902+05:30,1052095919.1175,True,
BEML,INE258A01024,Capital Goods,BEML Ltd.,EQ,101121,NSE,2026-09-05T08:07:32.389902+05:30,1050802180.28,True,
ARE&M,INE885A01032,Automobile and Auto Components,Amara Raja Energy & Mobility Ltd.,EQ,25601,NSE,2026-09-05T08:07:32.389902+05:30,1049445009.4125,True,
PREMIERENE,INE0BS701011,Capital Goods,Premier Energies Ltd.,EQ,6412545,NSE,2026-09-05T08:07:32.389902+05:30,1034006517.28,True,
CIPLA,INE059A01026,Healthcare,Cipla Ltd.,EQ,177665,NSE,2026-09-05T08:07:32.389902+05:30,1032250143.725,True,
OBEROIRLTY,INE093I01010,Realty,Oberoi Realty Ltd.,EQ,5181953,NSE,2026-09-05T08:07:32.389902+05:30,1016436950.735,True,
CAMS,INE596I01020,Financial Services,Computer Age Management Services Ltd.,EQ,87553,NSE,2026-09-05T08:07:32.389902+05:30,996819190.2825,True,
ZENTEC,INE251B01027,Capital Goods,Zen Technologies Ltd.,EQ,1922049,NSE,2026-09-05T08:07:32.389902+05:30,983192087.4850003,True,
HAVELLS,INE176B01034,Consumer Durables,Havells India Ltd.,EQ,2513665,NSE,2026-09-05T08:07:32.389902+05:30,982900112.3100001,True,
KFINTECH,INE138Y01010,Financial Services,Kfin Technologies Ltd.,EQ,3419905,NSE,2026-09-05T08:07:32.389902+05:30,980915305.1700001,True,
KIRLOSENG,INE146L01010,Capital Goods,Kirloskar Oil Eng Ltd.,EQ,5359617,NSE,2026-09-05T08:07:32.389902+05:30,973498673.8699999,True,
PARADEEP,INE088F01024,Chemicals,Paradeep Phosphates Ltd.,EQ,2493697,NSE,2026-09-05T08:07:32.389902+05:30,970198355.2805,True,
CROMPTON,INE299U01018,Consumer Durables,Crompton Greaves Consumer Electricals Ltd.,EQ,4376065,NSE,2026-09-05T08:07:32.389902+05:30,962609864.2385002,True,
AMBUJACEM,INE079A01024,Construction Materials,Ambuja Cements Ltd.,EQ,325121,NSE,2026-09-05T08:07:32.389902+05:30,953692162.11,True,
INDIANB,INE562A01011,Financial Services,Indian Bank,EQ,3663105,NSE,2026-09-05T08:07:32.389902+05:30,942483210.485,True,
BANDHANBNK,INE545U01014,Financial Services,Bandhan Bank Ltd.,EQ,579329,NSE,2026-09-05T08:07:32.389902+05:30,931723410.0525,True,
UNOMINDA,INE405E01023,Automobile and Auto Components,UNO Minda Ltd.,EQ,3623425,NSE,2026-09-05T08:07:32.389902+05:30,926383042.9650002,True,
PNBHOUSING,INE572E01012,Financial Services,PNB Housing Finance Ltd.,EQ,4840449,NSE,2026-09-05T08:07:32.389902+05:30,924606423.3700001,True,
VTL,INE825A01020,Textiles,Vardhman Textiles Ltd.,EQ,530689,NSE,2026-09-05T08:07:32.389902+05:30,924365165.68,True,
JINDALSAW,INE324A01032,Capital Goods,Jindal Saw Ltd.,EQ,774145,NSE,2026-09-05T08:07:32.389902+05:30,913022693.6874998,True,
BLS,INE153T01027,Consumer Services,BLS International Services Ltd.,EQ,4423425,NSE,2026-09-05T08:07:32.389902+05:30,909562605.8095,True,
LLOYDSME,INE281B01032,Metals & Mining,Lloyds Metals And Energy Ltd.,EQ,4432129,NSE,2026-09-05T08:07:32.389902+05:30,905637106.5450001,True,
360ONE,INE466L01038,Financial Services,360 ONE WAM Ltd.,EQ,3343617,NSE,2026-09-05T08:07:32.389902+05:30,900026456.805,True,
JINDALSTEL,INE749A01030,Metals & Mining,Jindal Steel Ltd.,EQ,1723649,NSE,2026-09-05T08:07:32.389902+05:30,897705260.6599998,True,
UNITDSPR,INE854D01024,Fast Moving Consumer Goods,United Spirits Ltd.,EQ,2674433,NSE,2026-09-05T08:07:32.389902+05:30,886983574.74,True,
RVNL,INE415G01027,Construction,Rail Vikas Nigam Ltd.,EQ,2445313,NSE,2026-09-05T08:07:32.389902+05:30,883045223.7969999,True,
PPLPHARMA,INE0DK501011,Healthcare,Piramal Pharma Ltd.,EQ,2962177,NSE,2026-09-05T08:07:32.389902+05:30,851128791.8694999,True,
ACMESOLAR,INE622W01025,Power,ACME Solar Holdings Ltd.,EQ,6927617,NSE,2026-09-05T08:07:32.389902+05:30,848844143.575,True,
PRESTIGE,INE811K01011,Realty,Prestige Estates Projects Ltd.,EQ,5197313,NSE,2026-09-05T08:07:32.389902+05:30,840632447.6049999,True,
KPITTECH,INE04I401011,Information Technology,KPIT Technologies Ltd.,EQ,2478849,NSE,2026-09-05T08:07:32.389902+05:30,838672322.4675,True,
ACUTAAS,INE00FF01025,Healthcare,Acutaas Chemicals Ltd.,EQ,1427969,NSE,2026-09-05T08:07:32.389902+05:30,838084596.78,True,
CONCOR,INE111A01025,Services,Container Corporation of India Ltd.,EQ,1215745,NSE,2026-09-05T08:07:32.389902+05:30,825516636.3925,True,
JSWINFRA,INE880J01026,Services,JSW Infrastructure Ltd.,EQ,4869121,NSE,2026-09-05T08:07:32.389902+05:30,819292027.275,True,
MANKIND,INE634S01028,Healthcare,Mankind Pharma Ltd.,EQ,3937281,NSE,2026-09-05T08:07:32.389902+05:30,816035111.95,True,
BANKINDIA,INE084A01016,Financial Services,Bank of India,EQ,1214721,NSE,2026-09-05T08:07:32.389902+05:30,815930983.0485,True,
PIIND,INE603J01030,Chemicals,PI Industries Ltd.,EQ,6191105,NSE,2026-09-05T08:07:32.389902+05:30,802489783.365,True,
PIRAMALFIN,INE202B01038,Financial Services,Piramal Finance Ltd.,EQ,194445057,NSE,2026-09-05T08:07:32.389902+05:30,788181233.25,True,
SARDAEN,INE385C01021,Metals & Mining,Sarda Energy and Minerals Ltd.,EQ,4546049,NSE,2026-09-05T08:07:32.389902+05:30,784656694.8199999,True,
PGEL,INE457L01029,Consumer Durables,PG Electroplast Ltd.,EQ,6491649,NSE,2026-09-05T08:07:32.389902+05:30,773934053.2025,True,
EIDPARRY,INE126A01031,Fast Moving Consumer Goods,E.I.D. Parry (India) Ltd.,EQ,234497,NSE,2026-09-05T08:07:32.389902+05:30,767283193.3,True,
GRAPHITE,INE371A01025,Capital Goods,Graphite India Ltd.,EQ,151553,NSE,2026-09-05T08:07:32.389902+05:30,766541755.6400001,True,
M&MFIN,INE774D01024,Financial Services,Mahindra & Mahindra Financial Services Ltd.,EQ,3400961,NSE,2026-09-05T08:07:32.389902+05:30,762528059.94,True,
ANTHEM,INE0CZ201020,Healthcare,Anthem Biosciences Ltd.,EQ,194018561,NSE,2026-09-05T08:07:32.389902+05:30,755013276.24,True,
PHOENIXLTD,INE211B01039,Realty,Phoenix Mills Ltd.,EQ,3725313,NSE,2026-09-05T08:07:32.389902+05:30,744125016.36,True,
NEWGEN,INE619B01017,Information Technology,Newgen Software Technologies Ltd.,EQ,297985,NSE,2026-09-05T08:07:32.389902+05:30,739281332.2625,True,
ALKEM,INE540L01014,Healthcare,Alkem Laboratories Ltd.,EQ,2995969,NSE,2026-09-05T08:07:32.389902+05:30,738798372.775,True,
DEVYANI,INE872J01023,Consumer Services,Devyani International Ltd.,EQ,1375489,NSE,2026-09-05T08:07:32.389902+05:30,733578664.878,True,
RKFORGE,INE399G01023,Automobile and Auto Components,Ramkrishna Forgings Ltd.,EQ,2921217,NSE,2026-09-05T08:07:32.389902+05:30,722771393.86,True,
SUPREMEIND,INE195A01028,Capital Goods,Supreme Industries Ltd.,EQ,860929,NSE,2026-09-05T08:07:32.389902+05:30,722214560.22,True,
COLPAL,INE259A01022,Fast Moving Consumer Goods,Colgate Palmolive (India) Ltd.,EQ,3876097,NSE,2026-09-05T08:07:32.389902+05:30,700504224.3100001,True,
AARTIIND,INE769A01020,Chemicals,Aarti Industries Ltd.,EQ,1793,NSE,2026-09-05T08:07:32.389902+05:30,691584542.0475,True,
CAPLIPOINT,INE475E01026,Healthcare,Caplin Point Laboratories Ltd.,EQ,999937,NSE,2026-09-05T08:07:32.389902+05:30,681452401.9449999,True,
SHREECEM,INE070A01015,Construction Materials,Shree Cement Ltd.,EQ,794369,NSE,2026-09-05T08:07:32.389902+05:30,670541714.25,True,
NUVAMA,INE531F01023,Financial Services,Nuvama Wealth Management Ltd.,EQ,4792577,NSE,2026-09-05T08:07:32.389902+05:30,667819033.585,True,
DEEPAKNTR,INE288B01029,Chemicals,Deepak Nitrite Ltd.,EQ,5105409,NSE,2026-09-05T08:07:32.389902+05:30,663438945.535,True,
SCHNEIDER,INE839M01018,Capital Goods,Schneider Electric Infrastructure Ltd.,EQ,7995905,NSE,2026-09-05T08:07:32.389902+05:30,659272525.3,True,
AWL,INE699H01024,Fast Moving Consumer Goods,AWL Agri Business Ltd.,EQ,2076161,NSE,2026-09-05T08:07:32.389902+05:30,658769549.8135,True,
SCI,INE109A01011,Services,Shipping Corporation of India Ltd.,EQ,780289,NSE,2026-09-05T08:07:32.389902+05:30,658704224.8675001,True,
SRF,INE647A01010,Chemicals,SRF Ltd.,EQ,837889,NSE,2026-09-05T08:07:32.389902+05:30,658540678.885,True,
ATGL,INE399L01023,Oil Gas & Consumable Fuels,Adani Total Gas Ltd.,EQ,1552897,NSE,2026-09-05T08:07:32.389902+05:30,648289019.2,True,
BLUESTARCO,INE472A01039,Consumer Durables,Blue Star Ltd.,EQ,2127617,NSE,2026-09-05T08:07:32.389902+05:30,635535760.115,True,
ICICIPRULI,INE726G01019,Financial Services,ICICI Prudential Life Insurance Company Ltd.,EQ,4774913,NSE,2026-09-05T08:07:32.389902+05:30,631467501.615,True,
AFFLE,INE00WC01027,Information Technology,Affle 3i Ltd.,EQ,2903809,NSE,2026-09-05T08:07:32.389902+05:30,628879997.6650001,True,
TATAELXSI,INE670A01012,Information Technology,Tata Elxsi Ltd.,EQ,873217,NSE,2026-09-05T08:07:32.389902+05:30,624265730.355,True,
NHPC,INE848E01016,Power,NHPC Ltd.,EQ,4454401,NSE,2026-09-05T08:07:32.389902+05:30,617331252.41,True,
MRF,INE883A01011,Automobile and Auto Components,MRF Ltd.,EQ,582913,NSE,2026-09-05T08:07:32.389902+05:30,611628391.25,True,
DABUR,INE016A01026,Fast Moving Consumer Goods,Dabur India Ltd.,EQ,197633,NSE,2026-09-05T08:07:32.389902+05:30,605451089.1674999,True,
BRIGADE,INE791I01019,Realty,Brigade Enterprises Ltd.,EQ,3887105,NSE,2026-09-05T08:07:32.389902+05:30,603949413.2474998,True,
JBMA,INE927D01051,Automobile and Auto Components,JBM Auto Ltd.,EQ,2983681,NSE,2026-09-05T08:07:32.389902+05:30,599529909.0975,True,
PETRONET,INE347G01014,Oil Gas & Consumable Fuels,Petronet LNG Ltd.,EQ,2905857,NSE,2026-09-05T08:07:32.389902+05:30,598801628.9675,True,
SHYAMMETL,INE810G01011,Capital Goods,Shyam Metalics and Energy Ltd.,EQ,1201409,NSE,2026-09-05T08:07:32.389902+05:30,595146815.465,True,
NSLNISP,INE0NNS01018,Metals & Mining,NMDC Steel Ltd.,EQ,3630081,NSE,2026-09-05T08:07:32.389902+05:30,592756249.1140001,True,
IRFC,INE053F01010,Financial Services,Indian Railway Finance Corporation Ltd.,EQ,519425,NSE,2026-09-05T08:07:32.389902+05:30,590200573.9775,True,
GMDCLTD,INE131A01031,Metals & Mining,Gujarat Mineral Development Corporation Ltd.,EQ,1332225,NSE,2026-09-05T08:07:32.389902+05:30,588383770.655,True,
CUB,INE491A01021,Financial Services,City Union Bank Ltd.,EQ,1459457,NSE,2026-09-05T08:07:32.389902+05:30,578539994.6645,True,
TARIL,INE763I01026,Capital Goods,Transformers And Rectifiers (India) Ltd.,EQ,3884545,NSE,2026-09-05T08:07:32.389902+05:30,576247537.7974999,True,
MINDACORP,INE842C01021,Automobile and Auto Components,Minda Corporation Ltd.,EQ,6629633,NSE,2026-09-05T08:07:32.389902+05:30,572977538.7,True,
GLAXO,INE159A01016,Healthcare,Glaxosmithkline Pharmaceuticals Ltd.,EQ,295169,NSE,2026-09-05T08:07:32.389902+05:30,563795658.0449998,True,
GRANULES,INE101D01020,Healthcare,Granules India Ltd.,EQ,3039233,NSE,2026-09-05T08:07:32.389902+05:30,563624644.9775,True,
COHANCE,INE03QK01018,Healthcare,Cohance Lifesciences Ltd.,EQ,4593921,NSE,2026-09-05T08:07:32.389902+05:30,561528772.1524999,True,
PVRINOX,INE191H01014,Media Entertainment & Publication,PVR INOX Ltd.,EQ,3365633,NSE,2026-09-05T08:07:32.389902+05:30,559902703.7,True,
KARURVYSYA,INE036D01028,Financial Services,Karur Vysya Bank Ltd.,EQ,470529,NSE,2026-09-05T08:07:32.389902+05:30,555798656.0925,True,
DALBHARAT,INE00R701025,Construction Materials,Dalmia Bharat Ltd.,EQ,2067201,NSE,2026-09-05T08:07:32.389902+05:30,555562641.015,True,
ELGIEQUIP,INE285A01027,Capital Goods,Elgi Equipments Ltd.,EQ,239873,NSE,2026-09-05T08:07:32.389902+05:30,552910611.1525,True,
TORNTPOWER,INE813H01021,Power,Torrent Power Ltd.,EQ,3529217,NSE,2026-09-05T08:07:32.389902+05:30,550689829.5550001,True,
OLECTRA,INE260D01016,Automobile and Auto Components,Olectra Greentech Ltd.,EQ,2723073,NSE,2026-09-05T08:07:32.389902+05:30,550678822.06,True,
EMMVEE,INE1C6T01020,Capital Goods,Emmvee Photovoltaic Power Ltd.,EQ,194490369,NSE,2026-09-05T08:07:32.389902+05:30,548895688.9975,True,
CRAFTSMAN,INE00LO01017,Automobile and Auto Components,Craftsman Automation Ltd.,EQ,730625,NSE,2026-09-05T08:07:32.389902+05:30,546239786.725,True,
NH,INE410P01011,Healthcare,Narayana Hrudayalaya Ltd.,EQ,3031041,NSE,2026-09-05T08:07:32.389902+05:30,539733943.675,True,
THERMAX,INE152A01029,Capital Goods,Thermax Ltd.,EQ,889601,NSE,2026-09-05T08:07:32.389902+05:30,530664880.5400001,True,
BAJAJHLDNG,INE118A01012,Financial Services,Bajaj Holdings & Investment Ltd.,EQ,78081,NSE,2026-09-05T08:07:32.389902+05:30,524590693.9,True,
NLCINDIA,INE589A01014,Power,NLC India Ltd.,EQ,2197761,NSE,2026-09-05T08:07:32.389902+05:30,506249915.9925001,True,
KPIL,INE220B01022,Construction,Kalpataru Projects International Ltd.,EQ,464385,NSE,2026-09-05T08:07:32.389902+05:30,505091510.88499993,True,
HDBFS,INE756I01012,Financial Services,HDB Financial Services Ltd.,EQ,193989633,NSE,2026-09-05T08:07:32.389902+05:30,504896377.5299999,True,
POONAWALLA,INE511C01022,Financial Services,Poonawalla Fincorp Ltd.,EQ,2919169,NSE,2026-09-05T08:07:32.389902+05:30,500095174.90249985,True,
JPPOWER,INE351F01018,Power,Jaiprakash Power Ventures Ltd.,EQ,3011329,NSE,2026-09-05T08:07:32.389902+05:30,495702725.982,True,
NBCC,INE095N01031,Construction,NBCC (India) Ltd.,EQ,8042241,NSE,2026-09-05T08:07:32.389902+05:30,490760427.8215,True,
IREDA,INE202E01016,Financial Services,Indian Renewable Energy Development Agency Ltd.,EQ,5186817,NSE,2026-09-05T08:07:32.389902+05:30,482378614.52,True,
KEC,INE389H01022,Construction,Kec International Ltd.,EQ,3394561,NSE,2026-09-05T08:07:32.389902+05:30,480743155.86499995,True,
GPIL,INE177H01039,Capital Goods,Godawari Power & Ispat Ltd.,EQ,3432705,NSE,2026-09-05T08:07:32.389902+05:30,476362587.7070001,True,
SAPPHIRE,INE806T01020,Consumer Services,Sapphire Foods India Ltd.,EQ,1719809,NSE,2026-09-05T08:07:32.389902+05:30,474127246.59750015,True,
ANANDRATHI,INE463V01026,Financial Services,Anand Rathi Wealth Ltd.,EQ,1829121,NSE,2026-09-05T08:07:32.389902+05:30,460531481.16,True,
INDGN,INE065X01017,Healthcare,Indegene Ltd.,EQ,6065409,NSE,2026-09-05T08:07:32.389902+05:30,459416444.39,True,
POLYMED,INE205C01021,Healthcare,Poly Medicure Ltd.,EQ,6583809,NSE,2026-09-05T08:07:32.389902+05:30,456272433.0450001,True,
NATCOPHARM,INE987B01026,Healthcare,NATCO Pharma Ltd.,EQ,1003009,NSE,2026-09-05T08:07:32.389902+05:30,455595482.0975,True,
ECLERX,INE738I01010,Services,eClerx Services Ltd.,EQ,3885825,NSE,2026-09-05T08:07:32.389902+05:30,455449393.44500005,True,
TATACOMM,INE151A01013,Telecommunication,Tata Communications Ltd.,EQ,952577,NSE,2026-09-05T08:07:32.389902+05:30,453377620.96000004,True,
TITAGARH,INE615H01020,Capital Goods,Titagarh Rail Systems Ltd.,EQ,3945985,NSE,2026-09-05T08:07:32.389902+05:30,440018091.715,True,
CEMPRO,INE686A01026,Construction,Cemindia Projects Ltd.,EQ,1439233,NSE,2026-09-05T08:07:32.389902+05:30,434181646.0,True,
MEDANTA,INE474Q01031,Healthcare,Global Health Ltd.,EQ,3060737,NSE,2026-09-05T08:07:32.389902+05:30,420798725.84499997,True,
GABRIEL,INE524A01029,Automobile and Auto Components,Gabriel India Ltd.,EQ,277761,NSE,2026-09-05T08:07:32.389902+05:30,419849171.2950001,True,
ENDURANCE,INE913H01037,Automobile and Auto Components,Endurance Technologies Ltd.,EQ,4818433,NSE,2026-09-05T08:07:32.389902+05:30,418986918.3249999,True,
KIMS,INE967H01025,Healthcare,Krishna Institute of Medical Sciences Ltd.,EQ,1240833,NSE,2026-09-05T08:07:32.389902+05:30,417620286.11249995,True,
ACE,INE731H01025,Capital Goods,Action Construction Equipment Ltd.,EQ,3478273,NSE,2026-09-05T08:07:32.389902+05:30,412689254.11,True,
GODFRYPHLP,INE260B01028,Fast Moving Consumer Goods,Godfrey Phillips India Ltd.,EQ,302337,NSE,2026-09-05T08:07:32.389902+05:30,412193351.285,True,
NCC,INE868B01028,Construction,NCC Ltd.,EQ,593665,NSE,2026-09-05T08:07:32.389902+05:30,409724384.95449996,True,
WHIRLPOOL,INE716A01013,Consumer Durables,Whirlpool of India Ltd.,EQ,4610817,NSE,2026-09-05T08:07:32.389902+05:30,407989898.505,True,
CREDITACC,INE741K01010,Financial Services,CreditAccess Grameen Ltd.,EQ,1131777,NSE,2026-09-05T08:07:32.389902+05:30,407678347.10499996,True,
BATAINDIA,INE176A01028,Consumer Durables,Bata India Ltd.,EQ,94977,NSE,2026-09-05T08:07:32.389902+05:30,404959151.82250005,True,
CASTROLIND,INE172A01027,Oil Gas & Consumable Fuels,Castrol India Ltd.,EQ,320001,NSE,2026-09-05T08:07:32.389902+05:30,401800213.071,True,
IGL,INE203G01027,Oil Gas & Consumable Fuels,Indraprastha Gas Ltd.,EQ,2883073,NSE,2026-09-05T08:07:32.389902+05:30,400428695.91749996,True,
TRITURBINE,INE152M01016,Capital Goods,Triveni Turbine Ltd.,EQ,6549505,NSE,2026-09-05T08:07:32.389902+05:30,397947192.3575,True,
RPOWER,INE614G01033,Power,Reliance Power Ltd.,EQ,3906305,NSE,2026-09-05T08:07:32.389902+05:30,397063241.4095,True,
LALPATHLAB,INE600L01024,Healthcare,Dr. Lal Path Labs Ltd.,EQ,2983425,NSE,2026-09-05T08:07:32.389902+05:30,393432506.175,True,
DEEPAKFERT,INE501A01019,Chemicals,Deepak Fertilisers & Petrochemicals Corp. Ltd.,EQ,211713,NSE,2026-09-05T08:07:32.389902+05:30,391680763.63000005,True,
TATACHEM,INE092A01019,Chemicals,Tata Chemicals Ltd.,EQ,871681,NSE,2026-09-05T08:07:32.389902+05:30,391457878.29,True,
FIRSTCRY,INE02RE01045,Consumer Services,Brainbees Solutions Ltd.,EQ,6352385,NSE,2026-09-05T08:07:32.389902+05:30,390551314.58849996,True,
GICRE,INE481Y01014,Financial Services,General Insurance Corporation of India,EQ,70913,NSE,2026-09-05T08:07:32.389902+05:30,389637887.055,True,
TATACAP,INE976I01016,Financial Services,Tata Capital Ltd.,EQ,194371841,NSE,2026-09-05T08:07:32.389902+05:30,386158732.165,True,
IRCTC,INE335Y01020,Consumer Services,Indian Railway Catering And Tourism Corporation Ltd.,EQ,3484417,NSE,2026-09-05T08:07:32.389902+05:30,385420844.37,True,
EMAMILTD,INE548C01032,Fast Moving Consumer Goods,Emami Ltd.,EQ,3460353,NSE,2026-09-05T08:07:32.389902+05:30,378853911.315,True,
TEGA,INE011K01018,Capital Goods,Tega Industries Ltd.,EQ,1818881,NSE,2026-09-05T08:07:32.389902+05:30,372535446.85499996,True,
LTTS,INE010V01017,Information Technology,L&T Technology Services Ltd.,EQ,4752385,NSE,2026-09-05T08:07:32.389902+05:30,370011807.635,True,
APOLLOTYRE,INE438A01022,Automobile and Auto Components,Apollo Tyres Ltd.,EQ,41729,NSE,2026-09-05T08:07:32.389902+05:30,368880642.80499995,True,
USHAMART,INE228A01035,Capital Goods,Usha Martin Ltd.,EQ,2263041,NSE,2026-09-05T08:07:32.389902+05:30,363104719.46000004,True,
ANURAS,INE930P01018,Chemicals,Anupam Rasayan India Ltd.,EQ,724225,NSE,2026-09-05T08:07:32.389902+05:30,362081426.13,True,
KPRMILL,INE930H01031,Textiles,K.P.R. Mill Ltd.,EQ,3817473,NSE,2026-09-05T08:07:32.389902+05:30,358352972.27000004,True,
JUBLPHARMA,INE700A01033,Healthcare,Jubilant Pharmova Ltd.,EQ,931073,NSE,2026-09-05T08:07:32.389902+05:30,355760863.81,True,
JMFINANCIL,INE780C01023,Financial Services,JM Financial Ltd.,EQ,3491073,NSE,2026-09-05T08:07:32.389902+05:30,353731862.73,True,
HUDCO,INE031A01017,Financial Services,Housing & Urban Development Corporation Ltd.,EQ,5331201,NSE,2026-09-05T08:07:32.389902+05:30,350578404.9195,True,
JAINREC,INE0YD401026,Metals & Mining,Jain Resource Recycling Ltd.,EQ,194366465,NSE,2026-09-05T08:07:32.389902+05:30,350130920.195,True,
THELEELA,INE0AQ201015,Consumer Services,Leela Palaces Hotels & Resorts Ltd.,EQ,193795585,NSE,2026-09-05T08:07:32.389902+05:30,346489859.77,True,
GRAVITA,INE024L01027,Metals & Mining,Gravita India Ltd.,EQ,5256705,NSE,2026-09-05T08:07:32.389902+05:30,343095507.005,True,
ABFRL,INE647O01011,Consumer Services,Aditya Birla Fashion and Retail Ltd.,EQ,7707649,NSE,2026-09-05T08:07:32.389902+05:30,342773878.0790001,True,
MSUMI,INE0FS801015,Automobile and Auto Components,Motherson Sumi Wiring India Ltd.,EQ,2200577,NSE,2026-09-05T08:07:32.389902+05:30,341255860.5995,True,
CLEAN,INE227W01023,Chemicals,Clean Science and Technology Ltd.,EQ,1292545,NSE,2026-09-05T08:07:32.389902+05:30,335335363.2824999,True,
LEMONTREE,INE970X01018,Consumer Services,Lemon Tree Hotels Ltd.,EQ,667137,NSE,2026-09-05T08:07:32.389902+05:30,334141526.895,True,
IEX,INE022Q01020,Financial Services,Indian Energy Exchange Ltd.,EQ,56321,NSE,2026-09-05T08:07:32.389902+05:30,332732022.1895,True,
BSOFT,INE836A01035,Information Technology,Birlasoft Ltd.,EQ,1790465,NSE,2026-09-05T08:07:32.389902+05:30,332148110.56000006,True,
JSL,INE220G01021,Metals & Mining,Jindal Stainless Ltd.,EQ,2876417,NSE,2026-09-05T08:07:32.389902+05:30,328962249.98999995,True,
ZENSARTECH,INE520A01027,Information Technology,Zensar Technolgies Ltd.,EQ,275457,NSE,2026-09-05T08:07:32.389902+05:30,319962474.58,True,
RAILTEL,INE0DD101019,Telecommunication,Railtel Corporation Of India Ltd.,EQ,622337,NSE,2026-09-05T08:07:32.389902+05:30,319736860.6925,True,
SBFC,INE423Y01016,Financial Services,SBFC Finance Ltd.,EQ,4614657,NSE,2026-09-05T08:07:32.389902+05:30,319395941.371,True,
J&KBANK,INE168A01041,Financial Services,Jammu & Kashmir Bank Ltd.,EQ,1442049,NSE,2026-09-05T08:07:32.389902+05:30,318654478.392,True,
VIJAYA,INE043W01024,Healthcare,Vijaya Diagnostic Centre Ltd.,EQ,1429761,NSE,2026-09-05T08:07:32.389902+05:30,317103178.695,True,
PCBL,INE602A01031,Chemicals,PCBL Chemical Ltd.,EQ,678145,NSE,2026-09-05T08:07:32.389902+05:30,312918453.9525,True,
KAJARIACER,INE217B01036,Consumer Durables,Kajaria Ceramics Ltd.,EQ,462849,NSE,2026-09-05T08:07:32.389902+05:30,312089275.105,True,
ABREL,INE055A01016,Realty,Aditya Birla Real Estate Ltd.,EQ,160001,NSE,2026-09-05T08:07:32.389902+05:30,309503287.9,True,
APTUS,INE852O01025,Financial Services,Aptus Value Housing Finance India Ltd.,EQ,1391361,NSE,2026-09-05T08:07:32.389902+05:30,309353558.5055,True,
BLUEJET,INE0KBH01020,Healthcare,Blue Jet Healthcare Ltd.,EQ,5039617,NSE,2026-09-05T08:07:32.389902+05:30,307724122.86,True,
RAMCOCEM,INE331A01037,Construction Materials,The Ramco Cements Ltd.,EQ,523009,NSE,2026-09-05T08:07:32.389902+05:30,306575221.785,True,
ELECON,INE205B01031,Capital Goods,Elecon Engineering Co. Ltd.,EQ,3492609,NSE,2026-09-05T08:07:32.389902+05:30,306389311.04499996,True,
FSL,INE684F01012,Services,Firstsource Solutions Ltd.,EQ,3661825,NSE,2026-09-05T08:07:32.389902+05:30,306278440.3225001,True,
MGL,INE002S01010,Oil Gas & Consumable Fuels,Mahanagar Gas Ltd.,EQ,4488705,NSE,2026-09-05T08:07:32.389902+05:30,302428370.475,True,
CHOICEIN,INE102B01014,Financial Services,Choice International Ltd.,EQ,2269697,NSE,2026-09-05T08:07:32.389902+05:30,301215398.7800001,True,
CESC,INE486A01021,Power,CESC Ltd.,EQ,160769,NSE,2026-09-05T08:07:32.389902+05:30,289039102.2615,True,
TBOTEK,INE673O01025,Consumer Services,TBO Tek Ltd.,EQ,6077441,NSE,2026-09-05T08:07:32.389902+05:30,288209214.24000007,True,
PFOCUS,INE367G01038,Media Entertainment & Publication,Prime Focus Ltd.,EQ,3454977,NSE,2026-09-05T08:07:32.389902+05:30,286460903.88,True,
SONATSOFTW,INE269A01021,Information Technology,Sonata Software Ltd.,EQ,1688577,NSE,2026-09-05T08:07:32.389902+05:30,286126057.54249996,True,
CARBORUNIV,INE120A01034,Capital Goods,Carborundum Universal Ltd.,EQ,152321,NSE,2026-09-05T08:07:32.389902+05:30,285171679.31499994,True,
FIVESTAR,INE128S01021,Financial Services,Five-Star Business Finance Ltd.,EQ,3080193,NSE,2026-09-05T08:07:32.389902+05:30,282952919.1750001,True,
AFCONS,INE101I01011,Construction,Afcons Infrastructure Ltd.,EQ,6650113,NSE,2026-09-05T08:07:32.389902+05:30,282719405.92499995,True,
AJANTPHARM,INE031B01049,Healthcare,Ajanta Pharmaceuticals Ltd.,EQ,2079745,NSE,2026-09-05T08:07:32.389902+05:30,282319245.085,True,
COROMANDEL,INE169A01031,Chemicals,Coromandel International Ltd.,EQ,189185,NSE,2026-09-05T08:07:32.389902+05:30,271186151.1350001,True,
PFIZER,INE182A01018,Healthcare,Pfizer Ltd.,EQ,676609,NSE,2026-09-05T08:07:32.389902+05:30,270272186.76000005,True,
CONCORDBIO,INE338H01029,Healthcare,Concord Biotech Ltd.,EQ,4623361,NSE,2026-09-05T08:07:32.389902+05:30,270137291.45500004,True,
RHIM,INE743M01012,Capital Goods,RHI MAGNESITA INDIA LTD.,EQ,7977729,NSE,2026-09-05T08:07:32.389902+05:30,265806662.14499992,True,
SWANCORP,INE665A01038,Chemicals,Swan Corp Ltd.,EQ,6936321,NSE,2026-09-05T08:07:32.389902+05:30,264683268.26500005,True,
SCHAEFFLER,INE513A01022,Automobile and Auto Components,Schaeffler India Ltd.,EQ,258817,NSE,2026-09-05T08:07:32.389902+05:30,263983640.78000003,True,
IKS,INE115Q01022,Information Technology,Inventurus Knowledge Solutions Ltd.,EQ,7200001,NSE,2026-09-05T08:07:32.389902+05:30,263004148.38499993,True,
CRISIL,INE007A01025,Financial Services,CRISIL Ltd.,EQ,193793,NSE,2026-09-05T08:07:32.389902+05:30,258340755.68500003,True,
ABBOTINDIA,INE358A01014,Healthcare,Abbott India Ltd.,EQ,4583169,NSE,2026-09-05T08:07:32.389902+05:30,255289585.5,True,
SYNGENE,INE398R01022,Healthcare,Syngene International Ltd.,EQ,2622209,NSE,2026-09-05T08:07:32.389902+05:30,254676179.47749996,True,
SUNTV,INE424H01027,Media Entertainment & Publication,Sun TV Network Ltd.,EQ,3431425,NSE,2026-09-05T08:07:32.389902+05:30,254478635.56499997,True,
EMCURE,INE168P01015,Healthcare,Emcure Pharmaceuticals Ltd.,EQ,6245889,NSE,2026-09-05T08:07:32.389902+05:30,253953641.33499998,True,
AIAENG,INE212H01026,Capital Goods,AIA Engineering Ltd.,EQ,3350017,NSE,2026-09-05T08:07:32.389902+05:30,247604956.17000002,True,
MMTC,INE123F01029,Services,MMTC Ltd.,EQ,4596993,NSE,2026-09-05T08:07:32.389902+05:30,247546682.58699995,True,
ZFCVINDIA,INE342J01019,Automobile and Auto Components,ZF Commercial Vehicle Control Systems India Ltd.,EQ,4330241,NSE,2026-09-05T08:07:32.389902+05:30,245331456.275,True,
HEXT,INE093A01041,Information Technology,Hexaware Technologies Ltd.,EQ,7594497,NSE,2026-09-05T08:07:32.389902+05:30,243664165.79749998,True,
CHAMBLFERT,INE085A01013,Chemicals,Chambal Fertilizers & Chemicals Ltd.,EQ,163073,NSE,2026-09-05T08:07:32.389902+05:30,239489620.055,True,
IRB,INE821I01022,Construction,IRB Infrastructure Developers Ltd.,EQ,3920129,NSE,2026-09-05T08:07:32.389902+05:30,237494246.0045,True,
CHOLAHLDNG,INE149A01033,Financial Services,Cholamandalam Financial Holdings Ltd.,EQ,5565441,NSE,2026-09-05T08:07:32.389902+05:30,233528247.86999997,True,
AIIL,INE206F01022,Financial Services,Authum Investment & Infrastructure Ltd.,EQ,6029569,NSE,2026-09-05T08:07:32.389902+05:30,233315852.385,True,
SAREGAMA,INE979A01025,Media Entertainment & Publication,Saregama India Ltd,EQ,1252353,NSE,2026-09-05T08:07:32.389902+05:30,230782695.725,True,
AEGISVOPAK,INE0INX01018,Oil Gas & Consumable Fuels,Aegis Vopak Terminals Ltd.,EQ,193878017,NSE,2026-09-05T08:07:32.389902+05:30,229931099.475,True,
BHARTIHEXA,INE343G01021,Telecommunication,Bharti Hexacom Ltd.,EQ,6013185,NSE,2026-09-05T08:07:32.389902+05:30,219444116.42999998,True,
ATUL,INE100A01010,Chemicals,Atul Ltd.,EQ,67329,NSE,2026-09-05T08:07:32.389902+05:30,217142720.15,True,
ITCHOTELS,INE379A01028,Consumer Services,ITC Hotels Ltd.,EQ,7488257,NSE,2026-09-05T08:07:32.389902+05:30,217096481.21499997,True,
ONESOURCE,INE013P01021,Healthcare,Onesource Specialty Pharma Ltd.,EQ,7481345,NSE,2026-09-05T08:07:32.389902+05:30,212293075.57,True,
TECHNOE,INE285K01026,Construction,Techno Electric & Engineering Company Ltd.,EQ,1649921,NSE,2026-09-05T08:07:32.389902+05:30,210890596.02000004,True,
ESCORTS,INE042A01014,Capital Goods,Escorts Kubota Ltd.,EQ,245249,NSE,2026-09-05T08:07:32.389902+05:30,210045594.685,True,
MAPMYINDIA,INE0BV301023,Information Technology,C.E. Info Systems Ltd.,EQ,1850113,NSE,2026-09-05T08:07:32.389902+05:30,208377622.81,True,
BERGEPAINT,INE463A01038,Consumer Durables,Berger Paints India Ltd.,EQ,103425,NSE,2026-09-05T08:07:32.389902+05:30,208318317.72000003,True,
JUBLINGREA,INE0BY001018,Chemicals,Jubilant Ingrevia Ltd.,EQ,712449,NSE,2026-09-05T08:07:32.389902+05:30,207766430.525,True,
INTELLECT,INE306R01017,Information Technology,Intellect Design Arena Ltd.,EQ,1517057,NSE,2026-09-05T08:07:32.389902+05:30,206855880.90500003,True,
BAJAJHFL,INE377Y01014,Financial Services,Bajaj Housing Finance Ltd.,EQ,6469121,NSE,2026-09-05T08:07:32.389902+05:30,204804292.0045,True,
SUNDARMFIN,INE660A01013,Financial Services,Sundaram Finance Ltd.,EQ,854785,NSE,2026-09-05T08:07:32.389902+05:30,202630740.33,True,
ABSLAMC,INE404A01024,Financial Services,Aditya Birla Sun Life AMC Ltd.,EQ,1540609,NSE,2026-09-05T08:07:32.389902+05:30,201354611.925,True,
CHALET,INE427F01016,Consumer Services,Chalet Hotels Ltd.,EQ,2187777,NSE,2026-09-05T08:07:32.389902+05:30,200008615.42000002,True,
CEATLTD,INE482A01020,Automobile and Auto Components,Ceat Ltd.,EQ,3905025,NSE,2026-09-05T08:07:32.389902+05:30,200003233.73999995,True,
JKTYRE,INE573A01042,Automobile and Auto Components,JK Tyre & Industries Ltd.,EQ,3695361,NSE,2026-09-05T08:07:32.389902+05:30,193795677.35000002,True,
ABDL,INE552Z01027,Fast Moving Consumer Goods,Allied Blenders and Distillers Ltd.,EQ,6222849,NSE,2026-09-05T08:07:32.389902+05:30,193539649.3,True,
NAVA,INE725A01030,Power,Nava Ltd.,EQ,1027585,NSE,2026-09-05T08:07:32.389902+05:30,191270612.04500002,True,
SUMICHEM,INE258G01013,Chemicals,Sumitomo Chemical India Ltd.,EQ,4378881,NSE,2026-09-05T08:07:32.389902+05:30,189687141.6725,True,
STARHEALTH,INE575P01011,Financial Services,Star Health and Allied Insurance Company Ltd.,EQ,1813249,NSE,2026-09-05T08:07:32.389902+05:30,186722314.93750003,True,
AAVAS,INE216P01012,Financial Services,Aavas Financiers Ltd.,EQ,1378561,NSE,2026-09-05T08:07:32.389902+05:30,185064387.66,True,
ASAHIINDIA,INE439A01020,Automobile and Auto Components,Asahi India Glass Ltd.,EQ,1376769,NSE,2026-09-05T08:07:32.389902+05:30,183049228.82250002,True,
CENTRALBK,INE483A01010,Financial Services,Central Bank of India,EQ,3812865,NSE,2026-09-05T08:07:32.389902+05:30,181938103.1675,True,
JWL,INE209L01016,Capital Goods,Jupiter Wagons Ltd.,EQ,5177345,NSE,2026-09-05T08:07:32.389902+05:30,179338050.11699995,True,
GODREJIND,INE233A01035,Diversified,Godrej Industries Ltd.,EQ,2796801,NSE,2026-09-05T08:07:32.389902+05:30,172306668.455,True,
CIEINDIA,INE536H01010,Automobile and Auto Components,CIE Automotive India Ltd.,EQ,3823873,NSE,2026-09-05T08:07:32.389902+05:30,170006237.26749998,True,
NTPCGREEN,INE0ONG01011,Power,NTPC Green Energy Ltd.,EQ,6957057,NSE,2026-09-05T08:07:32.389902+05:30,169992925.9115,True,
SPLPETRO,INE663A01033,Chemicals,Supreme Petrochem Ltd.,EQ,2461953,NSE,2026-09-05T08:07:32.389902+05:30,169667591.4975,True,
SIGNATURE,INE903U01023,Realty,Signatureglobal (India) Ltd.,EQ,4798209,NSE,2026-09-05T08:07:32.389902+05:30,168746237.565,True,
CANHLIFE,INE01TY01017,Financial Services,Canara HSBC Life Insurance Company Ltd.,EQ,194426113,NSE,2026-09-05T08:07:32.389902+05:30,168113747.1275,True,
CANFINHOME,INE477A01020,Financial Services,Can Fin Homes Ltd.,EQ,149249,NSE,2026-09-05T08:07:32.389902+05:30,166819397.3175,True,
CCL,INE421D01022,Fast Moving Consumer Goods,CCL Products (I) Ltd.,EQ,2931713,NSE,2026-09-05T08:07:32.389902+05:30,166499688.135,True,
AADHARHFC,INE883F01010,Financial Services,Aadhar Housing Finance Ltd.,EQ,6074625,NSE,2026-09-05T08:07:32.389902+05:30,165887114.275,True,
IGIL,INE0Q9301021,Services,International Gemological Institute Ltd.,EQ,7264769,NSE,2026-09-05T08:07:32.389902+05:30,165253896.925,True,
IRCON,INE962Y01021,Construction,IRCON International Ltd.,EQ,1276417,NSE,2026-09-05T08:07:32.389902+05:30,160225912.3915,True,
INDIAMART,INE933S01016,Consumer Services,Indiamart Intermesh Ltd.,EQ,2745857,NSE,2026-09-05T08:07:32.389902+05:30,157598404.98,True,
ACC,INE012A01025,Construction Materials,ACC Ltd.,EQ,5633,NSE,2026-09-05T08:07:32.389902+05:30,157350778.03500003,True,
TTML,INE517B01013,Telecommunication,Tata Teleservices (Maharashtra) Ltd.,EQ,2292225,NSE,2026-09-05T08:07:32.389902+05:30,156295549.277,True,
LATENTVIEW,INE0I7C01011,Information Technology,Latent View Analytics Ltd.,EQ,1745409,NSE,2026-09-05T08:07:32.389902+05:30,145475117.845,True,
JSWCEMENT,INE718I01012,Construction Materials,JSW Cement Ltd.,EQ,194165761,NSE,2026-09-05T08:07:32.389902+05:30,143649925.7655,True,
JKCEMENT,INE823G01014,Construction Materials,J.K. Cement Ltd.,EQ,3397121,NSE,2026-09-05T08:07:32.389902+05:30,143151932.575,True,
LINDEINDIA,INE473A01011,Chemicals,Linde India Ltd.,EQ,416513,NSE,2026-09-05T08:07:32.389902+05:30,140614552.75,True,
HOMEFIRST,INE481N01025,Financial Services,Home First Finance Company India Ltd.,EQ,526337,NSE,2026-09-05T08:07:32.389902+05:30,140585894.34499997,True,
TATAINVEST,INE672A01026,Financial Services,Tata Investment Corporation Ltd.,EQ,414977,NSE,2026-09-05T08:07:32.389902+05:30,132366649.6,True,
RAINBOW,INE961O01016,Healthcare,Rainbow Childrens Medicare Ltd.,EQ,2408449,NSE,2026-09-05T08:07:32.389902+05:30,127879716.16999999,True,
3MINDIA,INE470A01017,Diversified,3M India Ltd.,EQ,121345,NSE,2026-09-05T08:07:32.389902+05:30,127761369.5,True,
UBL,INE686F01025,Fast Moving Consumer Goods,United Breweries Ltd.,EQ,4278529,NSE,2026-09-05T08:07:32.389902+05:30,127296154.74000001,True,
DCMSHRIRAM,INE499A01024,Diversified,DCM Shriram Ltd.,EQ,207617,NSE,2026-09-05T08:07:32.389902+05:30,126155695.80999999,True,
ZYDUSWELL,INE768C01028,Fast Moving Consumer Goods,Zydus Wellness Ltd.,EQ,4514561,NSE,2026-09-05T08:07:32.389902+05:30,124097563.08250003,True,
NUVOCO,INE118D01016,Construction Materials,Nuvoco Vistas Corporation Ltd.,EQ,1389057,NSE,2026-09-05T08:07:32.389902+05:30,118008402.29249999,True,
SOBHA,INE671H01015,Realty,Sobha Ltd.,EQ,3539457,NSE,2026-09-05T08:07:32.389902+05:30,114718807.73499998,True,
TRAVELFOOD,INE103V01028,Consumer Services,Travel Food Services Ltd.,EQ,193931521,NSE,2026-09-05T08:07:32.389902+05:30,114558204.94500001,True,
ERIS,INE406M01024,Healthcare,Eris Lifesciences Ltd.,EQ,5415425,NSE,2026-09-05T08:07:32.389902+05:30,113120216.15,True,
HONAUT,INE671A01010,Capital Goods,Honeywell Automation India Ltd.,EQ,874753,NSE,2026-09-05T08:07:32.389902+05:30,110602230.25,True,
BIKAJI,INE00E101023,Fast Moving Consumer Goods,Bikaji Foods International Ltd.,EQ,3063297,NSE,2026-09-05T08:07:32.389902+05:30,106864499.9075,True,
GILLETTE,INE322A01010,Fast Moving Consumer Goods,Gillette India Ltd.,EQ,403457,NSE,2026-09-05T08:07:32.389902+05:30,104099195.2,True,
TIMKEN,INE325A01013,Capital Goods,Timken India Ltd.,EQ,3634689,NSE,2026-09-05T08:07:32.389902+05:30,100689650.18499997,True,
SJVN,INE002L01015,Power,SJVN Ltd.,EQ,4834049,NSE,2026-09-05T08:07:32.389902+05:30,94884704.2825,True,
UTIAMC,INE094J01016,Financial Services,UTI Asset Management Company Ltd.,EQ,134913,NSE,2026-09-05T08:07:32.389902+05:30,90108339.0,True,
UCOBANK,INE691A01018,Financial Services,UCO Bank,EQ,2873089,NSE,2026-09-05T08:07:32.389902+05:30,89523931.16,True,
ITI,INE248A01017,Telecommunication,ITI Ltd.,EQ,428801,NSE,2026-09-05T08:07:32.389902+05:30,86578439.8175,True,
ABLBL,INE14LE01019,Consumer Services,Aditya Birla Lifestyle Brands Ltd.,EQ,193751809,NSE,2026-09-05T08:07:32.389902+05:30,82290649.5345,True,
IOB,INE565A01014,Financial Services,Indian Overseas Bank,EQ,2393089,NSE,2026-09-05T08:07:32.389902+05:30,77288368.14250001,True,
BAYERCROP,INE462A01022,Chemicals,Bayer Cropscience Ltd.,EQ,4589313,NSE,2026-09-05T08:07:32.389902+05:30,76146987.77,True,
DOMS,INE321T01012,Fast Moving Consumer Goods,DOMS Industries Ltd.,EQ,5261057,NSE,2026-09-05T08:07:32.389902+05:30,75875110.30000001,True,
RITES,INE320J01015,Construction,RITES Ltd.,EQ,962817,NSE,2026-09-05T08:07:32.389902+05:30,71654191.58400002,True,
TRIDENT,INE064C01022,Textiles,Trident Ltd.,EQ,2479361,NSE,2026-09-05T08:07:32.389902+05:30,62379697.04999999,True,
GODIGIT,INE03JT01014,Financial Services,Go Digit General Insurance Ltd.,EQ,6092545,NSE,2026-09-05T08:07:32.389902+05:30,60527144.3,True,
EIHOTEL,INE230A01023,Consumer Services,EIH Ltd.,EQ,235265,NSE,2026-09-05T08:07:32.389902+05:30,59518738.042500004,True,
JSWDULUX,INE133A01011,Consumer Durables,JSW Dulux Ltd.,EQ,375553,NSE,2026-09-05T08:07:32.389902+05:30,58960857.544999994,True,
NIVABUPA,INE995S01015,Financial Services,Niva Bupa Health Insurance Company Ltd.,EQ,6936833,NSE,2026-09-05T08:07:32.389902+05:30,57749307.79799999,True,
BLUEDART,INE233B01017,Services,Blue Dart Express Ltd.,EQ,126721,NSE,2026-09-05T08:07:32.389902+05:30,51061920.160000004,True,
