symbol,isin,industry,company,series,instrument_token,exchange,asof_ist
360ONE,INE466L01038,Financial Services,360 ONE WAM Ltd.,EQ,3343617,NSE,2026-09-05T08:07:32.389902+05:30
3MINDIA,INE470A01017,Diversified,3M India Ltd.,EQ,121345,NSE,2026-09-05T08:07:32.389902+05:30
ABB,INE117A01022,Capital Goods,ABB India Ltd.,EQ,3329,NSE,2026-09-05T08:07:32.389902+05:30
ACC,INE012A01025,Construction Materials,ACC Ltd.,EQ,5633,NSE,2026-09-05T08:07:32.389902+05:30
ACMESOLAR,INE622W01025,Power,ACME Solar Holdings Ltd.,EQ,6927617,NSE,2026-09-05T08:07:32.389902+05:30
AIAENG,INE212H01026,Capital Goods,AIA Engineering Ltd.,EQ,3350017,NSE,2026-09-05T08:07:32.389902+05:30
APLAPOLLO,INE702C01027,Capital Goods,APL Apollo Tubes Ltd.,EQ,6599681,NSE,2026-09-05T08:07:32.389902+05:30
AUBANK,INE949L01017,Financial Services,AU Small Finance Bank Ltd.,EQ,5436929,NSE,2026-09-05T08:07:32.389902+05:30
AWL,INE699H01024,Fast Moving Consumer Goods,AWL Agri Business Ltd.,EQ,2076161,NSE,2026-09-05T08:07:32.389902+05:30
AADHARHFC,INE883F01010,Financial Services,Aadhar Housing Finance Ltd.,EQ,6074625,NSE,2026-09-05T08:07:32.389902+05:30
AARTIIND,INE769A01020,Chemicals,Aarti Industries Ltd.,EQ,1793,NSE,2026-09-05T08:07:32.389902+05:30
AAVAS,INE216P01012,Financial Services,Aavas Financiers Ltd.,EQ,1378561,NSE,2026-09-05T08:07:32.389902+05:30
ABBOTINDIA,INE358A01014,Healthcare,Abbott India Ltd.,EQ,4583169,NSE,2026-09-05T08:07:32.389902+05:30
ACE,INE731H01025,Capital Goods,Action Construction Equipment Ltd.,EQ,3478273,NSE,2026-09-05T08:07:32.389902+05:30
ACUTAAS,INE00FF01025,Healthcare,Acutaas Chemicals Ltd.,EQ,1427969,NSE,2026-09-05T08:07:32.389902+05:30
ADANIENSOL,INE931S01010,Power,Adani Energy Solutions Ltd.,EQ,2615553,NSE,2026-09-05T08:07:32.389902+05:30
ADANIENT,INE423A01024,Metals & Mining,Adani Enterprises Ltd.,EQ,6401,NSE,2026-09-05T08:07:32.389902+05:30
ADANIGREEN,INE364U01010,Power,Adani Green Energy Ltd.,EQ,912129,NSE,2026-09-05T08:07:32.389902+05:30
ADANIPORTS,INE742F01042,Services,Adani Ports and Special Economic Zone Ltd.,EQ,3861249,NSE,2026-09-05T08:07:32.389902+05:30
ADANIPOWER,INE814H01029,Power,Adani Power Ltd.,EQ,4451329,NSE,2026-09-05T08:07:32.389902+05:30
ATGL,INE399L01023,Oil Gas & Consumable Fuels,Adani Total Gas Ltd.,EQ,1552897,NSE,2026-09-05T08:07:32.389902+05:30
ABCAPITAL,INE674K01013,Financial Services,Aditya Birla Capital Ltd.,EQ,5533185,NSE,2026-09-05T08:07:32.389902+05:30
ABFRL,INE647O01011,Consumer Services,Aditya Birla Fashion and Retail Ltd.,EQ,7707649,NSE,2026-09-05T08:07:32.389902+05:30
ABLBL,INE14LE01019,Consumer Services,Aditya Birla Lifestyle Brands Ltd.,EQ,193751809,NSE,2026-09-05T08:07:32.389902+05:30
ABREL,INE055A01016,Realty,Aditya Birla Real Estate Ltd.,EQ,160001,NSE,2026-09-05T08:07:32.389902+05:30
ABSLAMC,INE404A01024,Financial Services,Aditya Birla Sun Life AMC Ltd.,EQ,1540609,NSE,2026-09-05T08:07:32.389902+05:30
CPPLUS,INE819V01029,Capital Goods,Aditya Infotech Ltd.,EQ,194267649,NSE,2026-09-05T08:07:32.389902+05:30
AEGISLOG,INE208C01025,Oil Gas & Consumable Fuels,Aegis Logistics Ltd.,EQ,10241,NSE,2026-09-05T08:07:32.389902+05:30
AEGISVOPAK,INE0INX01018,Oil Gas & Consumable Fuels,Aegis Vopak Terminals Ltd.,EQ,193878017,NSE,2026-09-05T08:07:32.389902+05:30
AFCONS,INE101I01011,Construction,Afcons Infrastructure Ltd.,EQ,6650113,NSE,2026-09-05T08:07:32.389902+05:30
AFFLE,INE00WC01027,Information Technology,Affle 3i Ltd.,EQ,2903809,NSE,2026-09-05T08:07:32.389902+05:30
AJANTPHARM,INE031B01049,Healthcare,Ajanta Pharmaceuticals Ltd.,EQ,2079745,NSE,2026-09-05T08:07:32.389902+05:30
ALKEM,INE540L01014,Healthcare,Alkem Laboratories Ltd.,EQ,2995969,NSE,2026-09-05T08:07:32.389902+05:30
ABDL,INE552Z01027,Fast Moving Consumer Goods,Allied Blenders and Distillers Ltd.,EQ,6222849,NSE,2026-09-05T08:07:32.389902+05:30
ARE&M,INE885A01032,Automobile and Auto Components,Amara Raja Energy & Mobility Ltd.,EQ,25601,NSE,2026-09-05T08:07:32.389902+05:30
AMBER,INE371P01015,Consumer Durables,Amber Enterprises India Ltd.,EQ,303361,NSE,2026-09-05T08:07:32.389902+05:30
AMBUJACEM,INE079A01024,Construction Materials,Ambuja Cements Ltd.,EQ,325121,NSE,2026-09-05T08:07:32.389902+05:30
ANANDRATHI,INE463V01026,Financial Services,Anand Rathi Wealth Ltd.,EQ,1829121,NSE,2026-09-05T08:07:32.389902+05:30
ANANTRAJ,INE242C01024,Realty,Anant Raj Ltd.,EQ,3486721,NSE,2026-09-05T08:07:32.389902+05:30
ANGELONE,INE732I01021,Financial Services,Angel One Ltd.,EQ,82945,NSE,2026-09-05T08:07:32.389902+05:30
ANTHEM,INE0CZ201020,Healthcare,Anthem Biosciences Ltd.,EQ,194018561,NSE,2026-09-05T08:07:32.389902+05:30
ANURAS,INE930P01018,Chemicals,Anupam Rasayan India Ltd.,EQ,724225,NSE,2026-09-05T08:07:32.389902+05:30
APARINDS,INE372A01015,Capital Goods,Apar Industries Ltd.,EQ,2941697,NSE,2026-09-05T08:07:32.389902+05:30
APOLLOHOSP,INE437A01024,Healthcare,Apollo Hospitals Enterprise Ltd.,EQ,40193,NSE,2026-09-05T08:07:32.389902+05:30
APOLLOTYRE,INE438A01022,Automobile and Auto Components,Apollo Tyres Ltd.,EQ,41729,NSE,2026-09-05T08:07:32.389902+05:30
APTUS,INE852O01025,Financial Services,Aptus Value Housing Finance India Ltd.,EQ,1391361,NSE,2026-09-05T08:07:32.389902+05:30
ASAHIINDIA,INE439A01020,Automobile and Auto Components,Asahi India Glass Ltd.,EQ,1376769,NSE,2026-09-05T08:07:32.389902+05:30
ASHOKLEY,INE208A01029,Capital Goods,Ashok Leyland Ltd.,EQ,54273,NSE,2026-09-05T08:07:32.389902+05:30
ASIANPAINT,INE021A01026,Consumer Durables,Asian Paints Ltd.,EQ,60417,NSE,2026-09-05T08:07:32.389902+05:30
ASTERDM,INE914M01019,Healthcare,Aster DM Quality Care Ltd.,EQ,386049,NSE,2026-09-05T08:07:32.389902+05:30
ASTRAL,INE006I01046,Capital Goods,Astral Ltd.,EQ,3691009,NSE,2026-09-05T08:07:32.389902+05:30
ATHERENERG,INE0LEZ01016,Automobile and Auto Components,Ather Energy Ltd.,EQ,193957121,NSE,2026-09-05T08:07:32.389902+05:30
ATUL,INE100A01010,Chemicals,Atul Ltd.,EQ,67329,NSE,2026-09-05T08:07:32.389902+05:30
AUROPHARMA,INE406A01037,Healthcare,Aurobindo Pharma Ltd.,EQ,70401,NSE,2026-09-05T08:07:32.389902+05:30
AIIL,INE206F01022,Financial Services,Authum Investment & Infrastructure Ltd.,EQ,6029569,NSE,2026-09-05T08:07:32.389902+05:30
DMART,INE192R01011,Consumer Services,Avenue Supermarts Ltd.,EQ,5097729,NSE,2026-09-05T08:07:32.389902+05:30
AXISBANK,INE238A01034,Financial Services,Axis Bank Ltd.,EQ,1510401,NSE,2026-09-05T08:07:32.389902+05:30
BEML,INE258A01024,Capital Goods,BEML Ltd.,EQ,101121,NSE,2026-09-05T08:07:32.389902+05:30
BLS,INE153T01027,Consumer Services,BLS International Services Ltd.,EQ,4423425,NSE,2026-09-05T08:07:32.389902+05:30
BSE,INE118H01025,Financial Services,BSE Ltd.,EQ,5013761,NSE,2026-09-05T08:07:32.389902+05:30
BAJAJ-AUTO,INE917I01010,Automobile and Auto Components,Bajaj Auto Ltd.,EQ,4267265,NSE,2026-09-05T08:07:32.389902+05:30
BAJFINANCE,INE296A01032,Financial Services,Bajaj Finance Ltd.,EQ,81153,NSE,2026-09-05T08:07:32.389902+05:30
BAJAJFINSV,INE918I01026,Financial Services,Bajaj Finserv Ltd.,EQ,4268801,NSE,2026-09-05T08:07:32.389902+05:30
BAJAJHLDNG,INE118A01012,Financial Services,Bajaj Holdings & Investment Ltd.,EQ,78081,NSE,2026-09-05T08:07:32.389902+05:30
BAJAJHFL,INE377Y01014,Financial Services,Bajaj Housing Finance Ltd.,EQ,6469121,NSE,2026-09-05T08:07:32.389902+05:30
BALKRISIND,INE787D01026,Automobile and Auto Components,Balkrishna Industries Ltd.,EQ,85761,NSE,2026-09-05T08:07:32.389902+05:30
BALRAMCHIN,INE119A01028,Fast Moving Consumer Goods,Balrampur Chini Mills Ltd.,EQ,87297,NSE,2026-09-05T08:07:32.389902+05:30
BANDHANBNK,INE545U01014,Financial Services,Bandhan Bank Ltd.,EQ,579329,NSE,2026-09-05T08:07:32.389902+05:30
BANKBARODA,INE028A01039,Financial Services,Bank of Baroda,EQ,1195009,NSE,2026-09-05T08:07:32.389902+05:30
BANKINDIA,INE084A01016,Financial Services,Bank of India,EQ,1214721,NSE,2026-09-05T08:07:32.389902+05:30
MAHABANK,INE457A01014,Financial Services,Bank of Maharashtra,EQ,2912513,NSE,2026-09-05T08:07:32.389902+05:30
BATAINDIA,INE176A01028,Consumer Durables,Bata India Ltd.,EQ,94977,NSE,2026-09-05T08:07:32.389902+05:30
BAYERCROP,INE462A01022,Chemicals,Bayer Cropscience Ltd.,EQ,4589313,NSE,2026-09-05T08:07:32.389902+05:30
BELRISE,INE894V01022,Automobile and Auto Components,Belrise Industries Ltd.,EQ,193818113,NSE,2026-09-05T08:07:32.389902+05:30
BERGEPAINT,INE463A01038,Consumer Durables,Berger Paints India Ltd.,EQ,103425,NSE,2026-09-05T08:07:32.389902+05:30
BDL,INE171Z01026,Capital Goods,Bharat Dynamics Ltd.,EQ,548865,NSE,2026-09-05T08:07:32.389902+05:30
BEL,INE263A01024,Capital Goods,Bharat Electronics Ltd.,EQ,98049,NSE,2026-09-05T08:07:32.389902+05:30
BHARATFORG,INE465A01025,Automobile and Auto Components,Bharat Forge Ltd.,EQ,108033,NSE,2026-09-05T08:07:32.389902+05:30
BHEL,INE257A01026,Capital Goods,Bharat Heavy Electricals Ltd.,EQ,112129,NSE,2026-09-05T08:07:32.389902+05:30
BPCL,INE029A01011,Oil Gas & Consumable Fuels,Bharat Petroleum Corporation Ltd.,EQ,134657,NSE,2026-09-05T08:07:32.389902+05:30
BHARTIARTL,INE397D01024,Telecommunication,Bharti Airtel Ltd.,EQ,2714625,NSE,2026-09-05T08:07:32.389902+05:30
BHARTIHEXA,INE343G01021,Telecommunication,Bharti Hexacom Ltd.,EQ,6013185,NSE,2026-09-05T08:07:32.389902+05:30
BIKAJI,INE00E101023,Fast Moving Consumer Goods,Bikaji Foods International Ltd.,EQ,3063297,NSE,2026-09-05T08:07:32.389902+05:30
GROWW,INE0HOQ01053,Financial Services,Billionbrains Garage Ventures Ltd.,EQ,194510337,NSE,2026-09-05T08:07:32.389902+05:30
BIOCON,INE376G01013,Healthcare,Biocon Ltd.,EQ,2911489,NSE,2026-09-05T08:07:32.389902+05:30
BSOFT,INE836A01035,Information Technology,Birlasoft Ltd.,EQ,1790465,NSE,2026-09-05T08:07:32.389902+05:30
BLUEDART,INE233B01017,Services,Blue Dart Express Ltd.,EQ,126721,NSE,2026-09-05T08:07:32.389902+05:30
BLUEJET,INE0KBH01020,Healthcare,Blue Jet Healthcare Ltd.,EQ,5039617,NSE,2026-09-05T08:07:32.389902+05:30
BLUESTARCO,INE472A01039,Consumer Durables,Blue Star Ltd.,EQ,2127617,NSE,2026-09-05T08:07:32.389902+05:30
BBTC,INE050A01025,Fast Moving Consumer Goods,Bombay Burmah Trading Corporation Ltd.,EQ,97281,NSE,2026-09-05T08:07:32.389902+05:30
BOSCHLTD,INE323A01026,Automobile and Auto Components,Bosch Ltd.,EQ,558337,NSE,2026-09-05T08:07:32.389902+05:30
FIRSTCRY,INE02RE01045,Consumer Services,Brainbees Solutions Ltd.,EQ,6352385,NSE,2026-09-05T08:07:32.389902+05:30
BRIGADE,INE791I01019,Realty,Brigade Enterprises Ltd.,EQ,3887105,NSE,2026-09-05T08:07:32.389902+05:30
BRITANNIA,INE216A01030,Fast Moving Consumer Goods,Britannia Industries Ltd.,EQ,140033,NSE,2026-09-05T08:07:32.389902+05:30
MAPMYINDIA,INE0BV301023,Information Technology,C.E. Info Systems Ltd.,EQ,1850113,NSE,2026-09-05T08:07:32.389902+05:30
CCL,INE421D01022,Fast Moving Consumer Goods,CCL Products (I) Ltd.,EQ,2931713,NSE,2026-09-05T08:07:32.389902+05:30
CESC,INE486A01021,Power,CESC Ltd.,EQ,160769,NSE,2026-09-05T08:07:32.389902+05:30
CGPOWER,INE067A01029,Capital Goods,CG Power and Industrial Solutions Ltd.,EQ,194561,NSE,2026-09-05T08:07:32.389902+05:30
CIEINDIA,INE536H01010,Automobile and Auto Components,CIE Automotive India Ltd.,EQ,3823873,NSE,2026-09-05T08:07:32.389902+05:30
CRISIL,INE007A01025,Financial Services,CRISIL Ltd.,EQ,193793,NSE,2026-09-05T08:07:32.389902+05:30
CANFINHOME,INE477A01020,Financial Services,Can Fin Homes Ltd.,EQ,149249,NSE,2026-09-05T08:07:32.389902+05:30
CANBK,INE476A01022,Financial Services,Canara Bank,EQ,2763265,NSE,2026-09-05T08:07:32.389902+05:30
CANHLIFE,INE01TY01017,Financial Services,Canara HSBC Life Insurance Company Ltd.,EQ,194426113,NSE,2026-09-05T08:07:32.389902+05:30
CAPLIPOINT,INE475E01026,Healthcare,Caplin Point Laboratories Ltd.,EQ,999937,NSE,2026-09-05T08:07:32.389902+05:30
CGCL,INE180C01042,Financial Services,Capri Global Capital Ltd.,EQ,5204225,NSE,2026-09-05T08:07:32.389902+05:30
CARBORUNIV,INE120A01034,Capital Goods,Carborundum Universal Ltd.,EQ,152321,NSE,2026-09-05T08:07:32.389902+05:30
CARTRADE,INE290S01011,Consumer Services,Cartrade Tech Ltd.,EQ,1384193,NSE,2026-09-05T08:07:32.389902+05:30
CASTROLIND,INE172A01027,Oil Gas & Consumable Fuels,Castrol India Ltd.,EQ,320001,NSE,2026-09-05T08:07:32.389902+05:30
CEATLTD,INE482A01020,Automobile and Auto Components,Ceat Ltd.,EQ,3905025,NSE,2026-09-05T08:07:32.389902+05:30
CEMPRO,INE686A01026,Construction,Cemindia Projects Ltd.,EQ,1439233,NSE,2026-09-05T08:07:32.389902+05:30
CENTRALBK,INE483A01010,Financial Services,Central Bank of India,EQ,3812865,NSE,2026-09-05T08:07:32.389902+05:30
CDSL,INE736A01011,Financial Services,Central Depository Services (India) Ltd.,EQ,5420545,NSE,2026-09-05T08:07:32.389902+05:30
CHALET,INE427F01016,Consumer Services,Chalet Hotels Ltd.,EQ,2187777,NSE,2026-09-05T08:07:32.389902+05:30
CHAMBLFERT,INE085A01013,Chemicals,Chambal Fertilizers & Chemicals Ltd.,EQ,163073,NSE,2026-09-05T08:07:32.389902+05:30
CHENNPETRO,INE178A01016,Oil Gas & Consumable Fuels,Chennai Petroleum Corporation Ltd.,EQ,524545,NSE,2026-09-05T08:07:32.389902+05:30
CHOICEIN,INE102B01014,Financial Services,Choice International Ltd.,EQ,2269697,NSE,2026-09-05T08:07:32.389902+05:30
CHOLAHLDNG,INE149A01033,Financial Services,Cholamandalam Financial Holdings Ltd.,EQ,5565441,NSE,2026-09-05T08:07:32.389902+05:30
CHOLAFIN,INE121A01024,Financial Services,Cholamandalam Investment and Finance Company Ltd.,EQ,175361,NSE,2026-09-05T08:07:32.389902+05:30
CIPLA,INE059A01026,Healthcare,Cipla Ltd.,EQ,177665,NSE,2026-09-05T08:07:32.389902+05:30
CUB,INE491A01021,Financial Services,City Union Bank Ltd.,EQ,1459457,NSE,2026-09-05T08:07:32.389902+05:30
CLEAN,INE227W01023,Chemicals,Clean Science and Technology Ltd.,EQ,1292545,NSE,2026-09-05T08:07:32.389902+05:30
COALINDIA,INE522F01014,Oil Gas & Consumable Fuels,Coal India Ltd.,EQ,5215745,NSE,2026-09-05T08:07:32.389902+05:30
COCHINSHIP,INE704P01025,Capital Goods,Cochin Shipyard Ltd.,EQ,5506049,NSE,2026-09-05T08:07:32.389902+05:30
COFORGE,INE591G01025,Information Technology,Coforge Ltd.,EQ,2955009,NSE,2026-09-05T08:07:32.389902+05:30
COHANCE,INE03QK01018,Healthcare,Cohance Lifesciences Ltd.,EQ,4593921,NSE,2026-09-05T08:07:32.389902+05:30
COLPAL,INE259A01022,Fast Moving Consumer Goods,Colgate Palmolive (India) Ltd.,EQ,3876097,NSE,2026-09-05T08:07:32.389902+05:30
CAMS,INE596I01020,Financial Services,Computer Age Management Services Ltd.,EQ,87553,NSE,2026-09-05T08:07:32.389902+05:30
CONCORDBIO,INE338H01029,Healthcare,Concord Biotech Ltd.,EQ,4623361,NSE,2026-09-05T08:07:32.389902+05:30
CONCOR,INE111A01025,Services,Container Corporation of India Ltd.,EQ,1215745,NSE,2026-09-05T08:07:32.389902+05:30
COROMANDEL,INE169A01031,Chemicals,Coromandel International Ltd.,EQ,189185,NSE,2026-09-05T08:07:32.389902+05:30
CRAFTSMAN,INE00LO01017,Automobile and Auto Components,Craftsman Automation Ltd.,EQ,730625,NSE,2026-09-05T08:07:32.389902+05:30
CREDITACC,INE741K01010,Financial Services,CreditAccess Grameen Ltd.,EQ,1131777,NSE,2026-09-05T08:07:32.389902+05:30
CROMPTON,INE299U01018,Consumer Durables,Crompton Greaves Consumer Electricals Ltd.,EQ,4376065,NSE,2026-09-05T08:07:32.389902+05:30
CUMMINSIND,INE298A01020,Capital Goods,Cummins India Ltd.,EQ,486657,NSE,2026-09-05T08:07:32.389902+05:30
CYIENT,INE136B01020,Information Technology,Cyient Ltd.,EQ,1471489,NSE,2026-09-05T08:07:32.389902+05:30
DCMSHRIRAM,INE499A01024,Diversified,DCM Shriram Ltd.,EQ,207617,NSE,2026-09-05T08:07:32.389902+05:30
DLF,INE271C01023,Realty,DLF Ltd.,EQ,3771393,NSE,2026-09-05T08:07:32.389902+05:30
DOMS,INE321T01012,Fast Moving Consumer Goods,DOMS Industries Ltd.,EQ,5261057,NSE,2026-09-05T08:07:32.389902+05:30
DABUR,INE016A01026,Fast Moving Consumer Goods,Dabur India Ltd.,EQ,197633,NSE,2026-09-05T08:07:32.389902+05:30
DALBHARAT,INE00R701025,Construction Materials,Dalmia Bharat Ltd.,EQ,2067201,NSE,2026-09-05T08:07:32.389902+05:30
DATAPATTNS,INE0IX101010,Capital Goods,Data Patterns (India) Ltd.,EQ,1883649,NSE,2026-09-05T08:07:32.389902+05:30
DEEPAKFERT,INE501A01019,Chemicals,Deepak Fertilisers & Petrochemicals Corp. Ltd.,EQ,211713,NSE,2026-09-05T08:07:32.389902+05:30
DEEPAKNTR,INE288B01029,Chemicals,Deepak Nitrite Ltd.,EQ,5105409,NSE,2026-09-05T08:07:32.389902+05:30
DELHIVERY,INE148O01028,Services,Delhivery Ltd.,EQ,2457345,NSE,2026-09-05T08:07:32.389902+05:30
DEVYANI,INE872J01023,Consumer Services,Devyani International Ltd.,EQ,1375489,NSE,2026-09-05T08:07:32.389902+05:30
DIVISLAB,INE361B01024,Healthcare,Divi's Laboratories Ltd.,EQ,2800641,NSE,2026-09-05T08:07:32.389902+05:30
DIXON,INE935N01020,Consumer Durables,Dixon Technologies (India) Ltd.,EQ,5552641,NSE,2026-09-05T08:07:32.389902+05:30
LALPATHLAB,INE600L01024,Healthcare,Dr. Lal Path Labs Ltd.,EQ,2983425,NSE,2026-09-05T08:07:32.389902+05:30
DRREDDY,INE089A01031,Healthcare,Dr. Reddy's Laboratories Ltd.,EQ,225537,NSE,2026-09-05T08:07:32.389902+05:30
EIDPARRY,INE126A01031,Fast Moving Consumer Goods,E.I.D. Parry (India) Ltd.,EQ,234497,NSE,2026-09-05T08:07:32.389902+05:30
EIHOTEL,INE230A01023,Consumer Services,EIH Ltd.,EQ,235265,NSE,2026-09-05T08:07:32.389902+05:30
EICHERMOT,INE066A01021,Automobile and Auto Components,Eicher Motors Ltd.,EQ,232961,NSE,2026-09-05T08:07:32.389902+05:30
ELECON,INE205B01031,Capital Goods,Elecon Engineering Co. Ltd.,EQ,3492609,NSE,2026-09-05T08:07:32.389902+05:30
ELGIEQUIP,INE285A01027,Capital Goods,Elgi Equipments Ltd.,EQ,239873,NSE,2026-09-05T08:07:32.389902+05:30
EMAMILTD,INE548C01032,Fast Moving Consumer Goods,Emami Ltd.,EQ,3460353,NSE,2026-09-05T08:07:32.389902+05:30
EMCURE,INE168P01015,Healthcare,Emcure Pharmaceuticals Ltd.,EQ,6245889,NSE,2026-09-05T08:07:32.389902+05:30
EMMVEE,INE1C6T01020,Capital Goods,Emmvee Photovoltaic Power Ltd.,EQ,194490369,NSE,2026-09-05T08:07:32.389902+05:30
ENDURANCE,INE913H01037,Automobile and Auto Components,Endurance Technologies Ltd.,EQ,4818433,NSE,2026-09-05T08:07:32.389902+05:30
ENGINERSIN,INE510A01028,Construction,Engineers India Ltd.,EQ,1256193,NSE,2026-09-05T08:07:32.389902+05:30
ERIS,INE406M01024,Healthcare,Eris Lifesciences Ltd.,EQ,5415425,NSE,2026-09-05T08:07:32.389902+05:30
ESCORTS,INE042A01014,Capital Goods,Escorts Kubota Ltd.,EQ,245249,NSE,2026-09-05T08:07:32.389902+05:30
ETERNAL,INE758T01015,Consumer Services,Eternal Ltd.,EQ,1304833,NSE,2026-09-05T08:07:32.389902+05:30
EXIDEIND,INE302A01020,Automobile and Auto Components,Exide Industries Ltd.,EQ,173057,NSE,2026-09-05T08:07:32.389902+05:30
NYKAA,INE388Y01029,Consumer Services,FSN E-Commerce Ventures Ltd.,EQ,1675521,NSE,2026-09-05T08:07:32.389902+05:30
FEDERALBNK,INE171A01029,Financial Services,Federal Bank Ltd.,EQ,261889,NSE,2026-09-05T08:07:32.389902+05:30
FACT,INE188A01015,Chemicals,Fertilisers and Chemicals Travancore Ltd.,EQ,258049,NSE,2026-09-05T08:07:32.389902+05:30
FINCABLES,INE235A01022,Capital Goods,Finolex Cables Ltd.,EQ,265729,NSE,2026-09-05T08:07:32.389902+05:30
FSL,INE684F01012,Services,Firstsource Solutions Ltd.,EQ,3661825,NSE,2026-09-05T08:07:32.389902+05:30
FIVESTAR,INE128S01021,Financial Services,Five-Star Business Finance Ltd.,EQ,3080193,NSE,2026-09-05T08:07:32.389902+05:30
FORCEMOT,INE451A01017,Automobile and Auto Components,Force Motors Ltd.,EQ,2962689,NSE,2026-09-05T08:07:32.389902+05:30
FORTIS,INE061F01013,Healthcare,Fortis Healthcare Ltd.,EQ,3735553,NSE,2026-09-05T08:07:32.389902+05:30
GAIL,INE129A01019,Oil Gas & Consumable Fuels,GAIL (India) Ltd.,EQ,1207553,NSE,2026-09-05T08:07:32.389902+05:30
GVT&D,INE200A01026,Capital Goods,GE Vernova T&D India Ltd.,EQ,4296449,NSE,2026-09-05T08:07:32.389902+05:30
GMRAIRPORT,INE776C01039,Services,GMR Airports Ltd.,EQ,3463169,NSE,2026-09-05T08:07:32.389902+05:30
GABRIEL,INE524A01029,Automobile and Auto Components,Gabriel India Ltd.,EQ,277761,NSE,2026-09-05T08:07:32.389902+05:30
GALLANTT,INE297H01019,Capital Goods,Gallantt Ispat Ltd.,EQ,3414273,NSE,2026-09-05T08:07:32.389902+05:30
GRSE,INE382Z01011,Capital Goods,Garden Reach Shipbuilders & Engineers Ltd.,EQ,1401601,NSE,2026-09-05T08:07:32.389902+05:30
GICRE,INE481Y01014,Financial Services,General Insurance Corporation of India,EQ,70913,NSE,2026-09-05T08:07:32.389902+05:30
GILLETTE,INE322A01010,Fast Moving Consumer Goods,Gillette India Ltd.,EQ,403457,NSE,2026-09-05T08:07:32.389902+05:30
GLAND,INE068V01023,Healthcare,Gland Pharma Ltd.,EQ,303617,NSE,2026-09-05T08:07:32.389902+05:30
GLAXO,INE159A01016,Healthcare,Glaxosmithkline Pharmaceuticals Ltd.,EQ,295169,NSE,2026-09-05T08:07:32.389902+05:30
GLENMARK,INE935A01035,Healthcare,Glenmark Pharmaceuticals Ltd.,EQ,1895937,NSE,2026-09-05T08:07:32.389902+05:30
MEDANTA,INE474Q01031,Healthcare,Global Health Ltd.,EQ,3060737,NSE,2026-09-05T08:07:32.389902+05:30
GODIGIT,INE03JT01014,Financial Services,Go Digit General Insurance Ltd.,EQ,6092545,NSE,2026-09-05T08:07:32.389902+05:30
GPIL,INE177H01039,Capital Goods,Godawari Power & Ispat Ltd.,EQ,3432705,NSE,2026-09-05T08:07:32.389902+05:30
GODFRYPHLP,INE260B01028,Fast Moving Consumer Goods,Godfrey Phillips India Ltd.,EQ,302337,NSE,2026-09-05T08:07:32.389902+05:30
GODREJCP,INE102D01028,Fast Moving Consumer Goods,Godrej Consumer Products Ltd.,EQ,2585345,NSE,2026-09-05T08:07:32.389902+05:30
GODREJIND,INE233A01035,Diversified,Godrej Industries Ltd.,EQ,2796801,NSE,2026-09-05T08:07:32.389902+05:30
GODREJPROP,INE484J01027,Realty,Godrej Properties Ltd.,EQ,4576001,NSE,2026-09-05T08:07:32.389902+05:30
GRANULES,INE101D01020,Healthcare,Granules India Ltd.,EQ,3039233,NSE,2026-09-05T08:07:32.389902+05:30
GRAPHITE,INE371A01025,Capital Goods,Graphite India Ltd.,EQ,151553,NSE,2026-09-05T08:07:32.389902+05:30
GRASIM,INE047A01021,Construction Materials,Grasim Industries Ltd.,EQ,315393,NSE,2026-09-05T08:07:32.389902+05:30
GRAVITA,INE024L01027,Metals & Mining,Gravita India Ltd.,EQ,5256705,NSE,2026-09-05T08:07:32.389902+05:30
GESHIP,INE017A01032,Services,Great Eastern Shipping Co. Ltd.,EQ,3526657,NSE,2026-09-05T08:07:32.389902+05:30
FLUOROCHEM,INE09N301011,Chemicals,Gujarat Fluorochemicals Ltd.,EQ,3520001,NSE,2026-09-05T08:07:32.389902+05:30
GMDCLTD,INE131A01031,Metals & Mining,Gujarat Mineral Development Corporation Ltd.,EQ,1332225,NSE,2026-09-05T08:07:32.389902+05:30
HBLENGINE,INE292B01021,Capital Goods,HBL Engineering Ltd.,EQ,3575297,NSE,2026-09-05T08:07:32.389902+05:30
HCLTECH,INE860A01027,Information Technology,HCL Technologies Ltd.,EQ,1850625,NSE,2026-09-05T08:07:32.389902+05:30
HDBFS,INE756I01012,Financial Services,HDB Financial Services Ltd.,EQ,193989633,NSE,2026-09-05T08:07:32.389902+05:30
HDFCAMC,INE127D01025,Financial Services,HDFC Asset Management Company Ltd.,EQ,1086465,NSE,2026-09-05T08:07:32.389902+05:30
HDFCBANK,INE040A01034,Financial Services,HDFC Bank Ltd.,EQ,341249,NSE,2026-09-05T08:07:32.389902+05:30
HDFCLIFE,INE795G01014,Financial Services,HDFC Life Insurance Company Ltd.,EQ,119553,NSE,2026-09-05T08:07:32.389902+05:30
HAVELLS,INE176B01034,Consumer Durables,Havells India Ltd.,EQ,2513665,NSE,2026-09-05T08:07:32.389902+05:30
HEROMOTOCO,INE158A01026,Automobile and Auto Components,Hero MotoCorp Ltd.,EQ,345089,NSE,2026-09-05T08:07:32.389902+05:30
HEXT,INE093A01041,Information Technology,Hexaware Technologies Ltd.,EQ,7594497,NSE,2026-09-05T08:07:32.389902+05:30
HSCL,INE019C01026,Chemicals,Himadri Speciality Chemical Ltd.,EQ,3669505,NSE,2026-09-05T08:07:32.389902+05:30
HINDALCO,INE038A01020,Metals & Mining,Hindalco Industries Ltd.,EQ,348929,NSE,2026-09-05T08:07:32.389902+05:30
HAL,INE066F01020,Capital Goods,Hindustan Aeronautics Ltd.,EQ,589569,NSE,2026-09-05T08:07:32.389902+05:30
HINDCOPPER,INE531E01026,Metals & Mining,Hindustan Copper Ltd.,EQ,4592385,NSE,2026-09-05T08:07:32.389902+05:30
HINDPETRO,INE094A01015,Oil Gas & Consumable Fuels,Hindustan Petroleum Corporation Ltd.,EQ,359937,NSE,2026-09-05T08:07:32.389902+05:30
HINDUNILVR,INE030A01027,Fast Moving Consumer Goods,Hindustan Unilever Ltd.,EQ,356865,NSE,2026-09-05T08:07:32.389902+05:30
HINDZINC,INE267A01025,Metals & Mining,Hindustan Zinc Ltd.,EQ,364545,NSE,2026-09-05T08:07:32.389902+05:30
POWERINDIA,INE07Y701011,Capital Goods,Hitachi Energy India Ltd.,EQ,4724993,NSE,2026-09-05T08:07:32.389902+05:30
HOMEFIRST,INE481N01025,Financial Services,Home First Finance Company India Ltd.,EQ,526337,NSE,2026-09-05T08:07:32.389902+05:30
HONASA,INE0J5401028,Fast Moving Consumer Goods,Honasa Consumer Ltd.,EQ,5072129,NSE,2026-09-05T08:07:32.389902+05:30
HONAUT,INE671A01010,Capital Goods,Honeywell Automation India Ltd.,EQ,874753,NSE,2026-09-05T08:07:32.389902+05:30
HUDCO,INE031A01017,Financial Services,Housing & Urban Development Corporation Ltd.,EQ,5331201,NSE,2026-09-05T08:07:32.389902+05:30
HYUNDAI,INE0V6F01027,Automobile and Auto Components,Hyundai Motor India Ltd.,EQ,6616065,NSE,2026-09-05T08:07:32.389902+05:30
ICICIBANK,INE090A01021,Financial Services,ICICI Bank Ltd.,EQ,1270529,NSE,2026-09-05T08:07:32.389902+05:30
ICICIGI,INE765G01017,Financial Services,ICICI Lombard General Insurance Company Ltd.,EQ,5573121,NSE,2026-09-05T08:07:32.389902+05:30
ICICIAMC,INE346A01027,Financial Services,ICICI Prudential Asset Management Company Ltd.,EQ,194664193,NSE,2026-09-05T08:07:32.389902+05:30
ICICIPRULI,INE726G01019,Financial Services,ICICI Prudential Life Insurance Company Ltd.,EQ,4774913,NSE,2026-09-05T08:07:32.389902+05:30
IDBI,INE008A01015,Financial Services,IDBI Bank Ltd.,EQ,377857,NSE,2026-09-05T08:07:32.389902+05:30
IDFCFIRSTB,INE092T01019,Financial Services,IDFC First Bank Ltd.,EQ,2863105,NSE,2026-09-05T08:07:32.389902+05:30
IFCI,INE039A01010,Financial Services,IFCI Ltd.,EQ,381697,NSE,2026-09-05T08:07:32.389902+05:30
IIFL,INE530B01024,Financial Services,IIFL Finance Ltd.,EQ,3023105,NSE,2026-09-05T08:07:32.389902+05:30
IRB,INE821I01022,Construction,IRB Infrastructure Developers Ltd.,EQ,3920129,NSE,2026-09-05T08:07:32.389902+05:30
IRCON,INE962Y01021,Construction,IRCON International Ltd.,EQ,1276417,NSE,2026-09-05T08:07:32.389902+05:30
ITCHOTELS,INE379A01028,Consumer Services,ITC Hotels Ltd.,EQ,7488257,NSE,2026-09-05T08:07:32.389902+05:30
ITC,INE154A01025,Fast Moving Consumer Goods,ITC Ltd.,EQ,424961,NSE,2026-09-05T08:07:32.389902+05:30
ITI,INE248A01017,Telecommunication,ITI Ltd.,EQ,428801,NSE,2026-09-05T08:07:32.389902+05:30
INDGN,INE065X01017,Healthcare,Indegene Ltd.,EQ,6065409,NSE,2026-09-05T08:07:32.389902+05:30
INDIACEM,INE383A01012,Construction Materials,India Cements Ltd.,EQ,387841,NSE,2026-09-05T08:07:32.389902+05:30
INDIAMART,INE933S01016,Consumer Services,Indiamart Intermesh Ltd.,EQ,2745857,NSE,2026-09-05T08:07:32.389902+05:30
INDIANB,INE562A01011,Financial Services,Indian Bank,EQ,3663105,NSE,2026-09-05T08:07:32.389902+05:30
IEX,INE022Q01020,Financial Services,Indian Energy Exchange Ltd.,EQ,56321,NSE,2026-09-05T08:07:32.389902+05:30
INDHOTEL,INE053A01029,Consumer Services,Indian Hotels Co. Ltd.,EQ,387073,NSE,2026-09-05T08:07:32.389902+05:30
IOC,INE242A01010,Oil Gas & Consumable Fuels,Indian Oil Corporation Ltd.,EQ,415745,NSE,2026-09-05T08:07:32.389902+05:30
IOB,INE565A01014,Financial Services,Indian Overseas Bank,EQ,2393089,NSE,2026-09-05T08:07:32.389902+05:30
IRCTC,INE335Y01020,Consumer Services,Indian Railway Catering And Tourism Corporation Ltd.,EQ,3484417,NSE,2026-09-05T08:07:32.389902+05:30
IRFC,INE053F01010,Financial Services,Indian Railway Finance Corporation Ltd.,EQ,519425,NSE,2026-09-05T08:07:32.389902+05:30
IREDA,INE202E01016,Financial Services,Indian Renewable Energy Development Agency Ltd.,EQ,5186817,NSE,2026-09-05T08:07:32.389902+05:30
IGL,INE203G01027,Oil Gas & Consumable Fuels,Indraprastha Gas Ltd.,EQ,2883073,NSE,2026-09-05T08:07:32.389902+05:30
INDUSTOWER,INE121J01017,Telecommunication,Indus Towers Ltd.,EQ,7458561,NSE,2026-09-05T08:07:32.389902+05:30
INDUSINDBK,INE095A01012,Financial Services,IndusInd Bank Ltd.,EQ,1346049,NSE,2026-09-05T08:07:32.389902+05:30
NAUKRI,INE663F01032,Consumer Services,Info Edge (India) Ltd.,EQ,3520257,NSE,2026-09-05T08:07:32.389902+05:30
INFY,INE009A01021,Information Technology,Infosys Ltd.,EQ,408065,NSE,2026-09-05T08:07:32.389902+05:30
INOXWIND,INE066P01011,Capital Goods,Inox Wind Ltd.,EQ,2010113,NSE,2026-09-05T08:07:32.389902+05:30
INTELLECT,INE306R01017,Information Technology,Intellect Design Arena Ltd.,EQ,1517057,NSE,2026-09-05T08:07:32.389902+05:30
INDIGO,INE646L01027,Services,InterGlobe Aviation Ltd.,EQ,2865921,NSE,2026-09-05T08:07:32.389902+05:30
IGIL,INE0Q9301021,Services,International Gemological Institute Ltd.,EQ,7264769,NSE,2026-09-05T08:07:32.389902+05:30
IKS,INE115Q01022,Information Technology,Inventurus Knowledge Solutions Ltd.,EQ,7200001,NSE,2026-09-05T08:07:32.389902+05:30
IPCALAB,INE571A01038,Healthcare,Ipca Laboratories Ltd.,EQ,418049,NSE,2026-09-05T08:07:32.389902+05:30
JKCEMENT,INE823G01014,Construction Materials,J.K. Cement Ltd.,EQ,3397121,NSE,2026-09-05T08:07:32.389902+05:30
JBMA,INE927D01051,Automobile and Auto Components,JBM Auto Ltd.,EQ,2983681,NSE,2026-09-05T08:07:32.389902+05:30
JKTYRE,INE573A01042,Automobile and Auto Components,JK Tyre & Industries Ltd.,EQ,3695361,NSE,2026-09-05T08:07:32.389902+05:30
JMFINANCIL,INE780C01023,Financial Services,JM Financial Ltd.,EQ,3491073,NSE,2026-09-05T08:07:32.389902+05:30
JSWCEMENT,INE718I01012,Construction Materials,JSW Cement Ltd.,EQ,194165761,NSE,2026-09-05T08:07:32.389902+05:30
JSWDULUX,INE133A01011,Consumer Durables,JSW Dulux Ltd.,EQ,375553,NSE,2026-09-05T08:07:32.389902+05:30
JSWENERGY,INE121E01018,Power,JSW Energy Ltd.,EQ,4574465,NSE,2026-09-05T08:07:32.389902+05:30
JSWINFRA,INE880J01026,Services,JSW Infrastructure Ltd.,EQ,4869121,NSE,2026-09-05T08:07:32.389902+05:30
JSWSTEEL,INE019A01038,Metals & Mining,JSW Steel Ltd.,EQ,3001089,NSE,2026-09-05T08:07:32.389902+05:30
JAINREC,INE0YD401026,Metals & Mining,Jain Resource Recycling Ltd.,EQ,194366465,NSE,2026-09-05T08:07:32.389902+05:30
JPPOWER,INE351F01018,Power,Jaiprakash Power Ventures Ltd.,EQ,3011329,NSE,2026-09-05T08:07:32.389902+05:30
J&KBANK,INE168A01041,Financial Services,Jammu & Kashmir Bank Ltd.,EQ,1442049,NSE,2026-09-05T08:07:32.389902+05:30
JINDALSAW,INE324A01032,Capital Goods,Jindal Saw Ltd.,EQ,774145,NSE,2026-09-05T08:07:32.389902+05:30
JSL,INE220G01021,Metals & Mining,Jindal Stainless Ltd.,EQ,2876417,NSE,2026-09-05T08:07:32.389902+05:30
JINDALSTEL,INE749A01030,Metals & Mining,Jindal Steel Ltd.,EQ,1723649,NSE,2026-09-05T08:07:32.389902+05:30
JIOFIN,INE758E01017,Financial Services,Jio Financial Services Ltd.,EQ,4644609,NSE,2026-09-05T08:07:32.389902+05:30
JUBLFOOD,INE797F01020,Consumer Services,Jubilant Foodworks Ltd.,EQ,4632577,NSE,2026-09-05T08:07:32.389902+05:30
JUBLINGREA,INE0BY001018,Chemicals,Jubilant Ingrevia Ltd.,EQ,712449,NSE,2026-09-05T08:07:32.389902+05:30
JUBLPHARMA,INE700A01033,Healthcare,Jubilant Pharmova Ltd.,EQ,931073,NSE,2026-09-05T08:07:32.389902+05:30
JWL,INE209L01016,Capital Goods,Jupiter Wagons Ltd.,EQ,5177345,NSE,2026-09-05T08:07:32.389902+05:30
JYOTICNC,INE980O01024,Capital Goods,Jyoti CNC Automation Ltd.,EQ,5461505,NSE,2026-09-05T08:07:32.389902+05:30
KPRMILL,INE930H01031,Textiles,K.P.R. Mill Ltd.,EQ,3817473,NSE,2026-09-05T08:07:32.389902+05:30
KEI,INE878B01027,Capital Goods,KEI Industries Ltd.,EQ,3407361,NSE,2026-09-05T08:07:32.389902+05:30
KPITTECH,INE04I401011,Information Technology,KPIT Technologies Ltd.,EQ,2478849,NSE,2026-09-05T08:07:32.389902+05:30
KAJARIACER,INE217B01036,Consumer Durables,Kajaria Ceramics Ltd.,EQ,462849,NSE,2026-09-05T08:07:32.389902+05:30
KPIL,INE220B01022,Construction,Kalpataru Projects International Ltd.,EQ,464385,NSE,2026-09-05T08:07:32.389902+05:30
KALYANKJIL,INE303R01014,Consumer Durables,Kalyan Jewellers India Ltd.,EQ,756481,NSE,2026-09-05T08:07:32.389902+05:30
KARURVYSYA,INE036D01028,Financial Services,Karur Vysya Bank Ltd.,EQ,470529,NSE,2026-09-05T08:07:32.389902+05:30
KAYNES,INE918Z01012,Capital Goods,Kaynes Technology India Ltd.,EQ,3095553,NSE,2026-09-05T08:07:32.389902+05:30
KEC,INE389H01022,Construction,Kec International Ltd.,EQ,3394561,NSE,2026-09-05T08:07:32.389902+05:30
KFINTECH,INE138Y01010,Financial Services,Kfin Technologies Ltd.,EQ,3419905,NSE,2026-09-05T08:07:32.389902+05:30
KIRLOSENG,INE146L01010,Capital Goods,Kirloskar Oil Eng Ltd.,EQ,5359617,NSE,2026-09-05T08:07:32.389902+05:30
KOTAKBANK,INE237A01036,Financial Services,Kotak Mahindra Bank Ltd.,EQ,492033,NSE,2026-09-05T08:07:32.389902+05:30
KIMS,INE967H01025,Healthcare,Krishna Institute of Medical Sciences Ltd.,EQ,1240833,NSE,2026-09-05T08:07:32.389902+05:30
LTF,INE498L01015,Financial Services,L&T Finance Ltd.,EQ,6386689,NSE,2026-09-05T08:07:32.389902+05:30
LTTS,INE010V01017,Information Technology,L&T Technology Services Ltd.,EQ,4752385,NSE,2026-09-05T08:07:32.389902+05:30
LGEINDIA,INE324D01010,Consumer Durables,LG Electronics India Ltd.,EQ,194614529,NSE,2026-09-05T08:07:32.389902+05:30
LICHSGFIN,INE115A01026,Financial Services,LIC Housing Finance Ltd.,EQ,511233,NSE,2026-09-05T08:07:32.389902+05:30
LTFOODS,INE818H01020,Fast Moving Consumer Goods,LT Foods Ltd.,EQ,3536897,NSE,2026-09-05T08:07:32.389902+05:30
LTM,INE214T01019,Information Technology,LTM Ltd.,EQ,4561409,NSE,2026-09-05T08:07:32.389902+05:30
LT,INE018A01030,Construction,Larsen & Toubro Ltd.,EQ,2939649,NSE,2026-09-05T08:07:32.389902+05:30
LATENTVIEW,INE0I7C01011,Information Technology,Latent View Analytics Ltd.,EQ,1745409,NSE,2026-09-05T08:07:32.389902+05:30
LAURUSLABS,INE947Q01028,Healthcare,Laurus Labs Ltd.,EQ,4923905,NSE,2026-09-05T08:07:32.389902+05:30
THELEELA,INE0AQ201015,Consumer Services,Leela Palaces Hotels & Resorts Ltd.,EQ,193795585,NSE,2026-09-05T08:07:32.389902+05:30
LEMONTREE,INE970X01018,Consumer Services,Lemon Tree Hotels Ltd.,EQ,667137,NSE,2026-09-05T08:07:32.389902+05:30
LENSKART,INE956O01016,Consumer Services,Lenskart Solutions Ltd.,EQ,194458881,NSE,2026-09-05T08:07:32.389902+05:30
LICI,INE0J1Y01017,Financial Services,Life Insurance Corporation of India,EQ,2426881,NSE,2026-09-05T08:07:32.389902+05:30
LINDEINDIA,INE473A01011,Chemicals,Linde India Ltd.,EQ,416513,NSE,2026-09-05T08:07:32.389902+05:30
LLOYDSME,INE281B01032,Metals & Mining,Lloyds Metals And Energy Ltd.,EQ,4432129,NSE,2026-09-05T08:07:32.389902+05:30
LODHA,INE670K01029,Realty,Lodha Developers Ltd.,EQ,824321,NSE,2026-09-05T08:07:32.389902+05:30
LUPIN,INE326A01037,Healthcare,Lupin Ltd.,EQ,2672641,NSE,2026-09-05T08:07:32.389902+05:30
MMTC,INE123F01029,Services,MMTC Ltd.,EQ,4596993,NSE,2026-09-05T08:07:32.389902+05:30
MRF,INE883A01011,Automobile and Auto Components,MRF Ltd.,EQ,582913,NSE,2026-09-05T08:07:32.389902+05:30
MGL,INE002S01010,Oil Gas & Consumable Fuels,Mahanagar Gas Ltd.,EQ,4488705,NSE,2026-09-05T08:07:32.389902+05:30
M&MFIN,INE774D01024,Financial Services,Mahindra & Mahindra Financial Services Ltd.,EQ,3400961,NSE,2026-09-05T08:07:32.389902+05:30
M&M,INE101A01026,Automobile and Auto Components,Mahindra & Mahindra Ltd.,EQ,519937,NSE,2026-09-05T08:07:32.389902+05:30
MANAPPURAM,INE522D01027,Financial Services,Manappuram Finance Ltd.,EQ,4879617,NSE,2026-09-05T08:07:32.389902+05:30
MRPL,INE103A01014,Oil Gas & Consumable Fuels,Mangalore Refinery & Petrochemicals Ltd.,EQ,584449,NSE,2026-09-05T08:07:32.389902+05:30
MANKIND,INE634S01028,Healthcare,Mankind Pharma Ltd.,EQ,3937281,NSE,2026-09-05T08:07:32.389902+05:30
MARICO,INE196A01026,Fast Moving Consumer Goods,Marico Ltd.,EQ,1041153,NSE,2026-09-05T08:07:32.389902+05:30
MARUTI,INE585B01010,Automobile and Auto Components,Maruti Suzuki India Ltd.,EQ,2815745,NSE,2026-09-05T08:07:32.389902+05:30
MFSL,INE180A01020,Financial Services,Max Financial Services Ltd.,EQ,548353,NSE,2026-09-05T08:07:32.389902+05:30
MAXHEALTH,INE027H01010,Healthcare,Max Healthcare Institute Ltd.,EQ,5728513,NSE,2026-09-05T08:07:32.389902+05:30
MAZDOCK,INE249Z01020,Capital Goods,Mazagoan Dock Shipbuilders Ltd.,EQ,130305,NSE,2026-09-05T08:07:32.389902+05:30
MEESHO,INE0VDM01015,Consumer Services,Meesho Ltd.,EQ,194618625,NSE,2026-09-05T08:07:32.389902+05:30
MINDACORP,INE842C01021,Automobile and Auto Components,Minda Corporation Ltd.,EQ,6629633,NSE,2026-09-05T08:07:32.389902+05:30
MSUMI,INE0FS801015,Automobile and Auto Components,Motherson Sumi Wiring India Ltd.,EQ,2200577,NSE,2026-09-05T08:07:32.389902+05:30
MOTILALOFS,INE338I01027,Financial Services,Motilal Oswal Financial Services Ltd.,EQ,3826433,NSE,2026-09-05T08:07:32.389902+05:30
MPHASIS,INE356A01018,Information Technology,MphasiS Ltd.,EQ,1152769,NSE,2026-09-05T08:07:32.389902+05:30
MCX,INE745G01043,Financial Services,Multi Commodity Exchange of India Ltd.,EQ,7982337,NSE,2026-09-05T08:07:32.389902+05:30
MUTHOOTFIN,INE414G01012,Financial Services,Muthoot Finance Ltd.,EQ,6054401,NSE,2026-09-05T08:07:32.389902+05:30
NATCOPHARM,INE987B01026,Healthcare,NATCO Pharma Ltd.,EQ,1003009,NSE,2026-09-05T08:07:32.389902+05:30
NBCC,INE095N01031,Construction,NBCC (India) Ltd.,EQ,8042241,NSE,2026-09-05T08:07:32.389902+05:30
NCC,INE868B01028,Construction,NCC Ltd.,EQ,593665,NSE,2026-09-05T08:07:32.389902+05:30
NHPC,INE848E01016,Power,NHPC Ltd.,EQ,4454401,NSE,2026-09-05T08:07:32.389902+05:30
NLCINDIA,INE589A01014,Power,NLC India Ltd.,EQ,2197761,NSE,2026-09-05T08:07:32.389902+05:30
NMDC,INE584A01023,Metals & Mining,NMDC Ltd.,EQ,3924993,NSE,2026-09-05T08:07:32.389902+05:30
NSLNISP,INE0NNS01018,Metals & Mining,NMDC Steel Ltd.,EQ,3630081,NSE,2026-09-05T08:07:32.389902+05:30
NTPCGREEN,INE0ONG01011,Power,NTPC Green Energy Ltd.,EQ,6957057,NSE,2026-09-05T08:07:32.389902+05:30
NTPC,INE733E01010,Power,NTPC Ltd.,EQ,2977281,NSE,2026-09-05T08:07:32.389902+05:30
NH,INE410P01011,Healthcare,Narayana Hrudayalaya Ltd.,EQ,3031041,NSE,2026-09-05T08:07:32.389902+05:30
NATIONALUM,INE139A01034,Metals & Mining,National Aluminium Co. Ltd.,EQ,1629185,NSE,2026-09-05T08:07:32.389902+05:30
NAVA,INE725A01030,Power,Nava Ltd.,EQ,1027585,NSE,2026-09-05T08:07:32.389902+05:30
NAVINFLUOR,INE048G01026,Chemicals,Navin Fluorine International Ltd.,EQ,3756033,NSE,2026-09-05T08:07:32.389902+05:30
NESTLEIND,INE239A01024,Fast Moving Consumer Goods,Nestle India Ltd.,EQ,4598529,NSE,2026-09-05T08:07:32.389902+05:30
NETWEB,INE0NT901020,Information Technology,Netweb Technologies India Ltd.,EQ,4462849,NSE,2026-09-05T08:07:32.389902+05:30
NEULANDLAB,INE794A01010,Healthcare,Neuland Laboratories Ltd.,EQ,615937,NSE,2026-09-05T08:07:32.389902+05:30
NEWGEN,INE619B01017,Information Technology,Newgen Software Technologies Ltd.,EQ,297985,NSE,2026-09-05T08:07:32.389902+05:30
NAM-INDIA,INE298J01013,Financial Services,Nippon Life India Asset Management Ltd.,EQ,91393,NSE,2026-09-05T08:07:32.389902+05:30
NIVABUPA,INE995S01015,Financial Services,Niva Bupa Health Insurance Company Ltd.,EQ,6936833,NSE,2026-09-05T08:07:32.389902+05:30
NUVAMA,INE531F01023,Financial Services,Nuvama Wealth Management Ltd.,EQ,4792577,NSE,2026-09-05T08:07:32.389902+05:30
NUVOCO,INE118D01016,Construction Materials,Nuvoco Vistas Corporation Ltd.,EQ,1389057,NSE,2026-09-05T08:07:32.389902+05:30
OBEROIRLTY,INE093I01010,Realty,Oberoi Realty Ltd.,EQ,5181953,NSE,2026-09-05T08:07:32.389902+05:30
ONGC,INE213A01029,Oil Gas & Consumable Fuels,Oil & Natural Gas Corporation Ltd.,EQ,633601,NSE,2026-09-05T08:07:32.389902+05:30
OIL,INE274J01014,Oil Gas & Consumable Fuels,Oil India Ltd.,EQ,4464129,NSE,2026-09-05T08:07:32.389902+05:30
OLAELEC,INE0LXG01040,Automobile and Auto Components,Ola Electric Mobility Ltd.,EQ,6342913,NSE,2026-09-05T08:07:32.389902+05:30
OLECTRA,INE260D01016,Automobile and Auto Components,Olectra Greentech Ltd.,EQ,2723073,NSE,2026-09-05T08:07:32.389902+05:30
PAYTM,INE982J01020,Financial Services,One 97 Communications Ltd.,EQ,1716481,NSE,2026-09-05T08:07:32.389902+05:30
ONESOURCE,INE013P01021,Healthcare,Onesource Specialty Pharma Ltd.,EQ,7481345,NSE,2026-09-05T08:07:32.389902+05:30
OFSS,INE881D01027,Information Technology,Oracle Financial Services Software Ltd.,EQ,2748929,NSE,2026-09-05T08:07:32.389902+05:30
POLICYBZR,INE417T01026,Financial Services,PB Fintech Ltd.,EQ,1703937,NSE,2026-09-05T08:07:32.389902+05:30
PCBL,INE602A01031,Chemicals,PCBL Chemical Ltd.,EQ,678145,NSE,2026-09-05T08:07:32.389902+05:30
PGEL,INE457L01029,Consumer Durables,PG Electroplast Ltd.,EQ,6491649,NSE,2026-09-05T08:07:32.389902+05:30
PIIND,INE603J01030,Chemicals,PI Industries Ltd.,EQ,6191105,NSE,2026-09-05T08:07:32.389902+05:30
PNBHOUSING,INE572E01012,Financial Services,PNB Housing Finance Ltd.,EQ,4840449,NSE,2026-09-05T08:07:32.389902+05:30
PTCIL,INE596F01018,Capital Goods,PTC Industries Ltd.,EQ,4270593,NSE,2026-09-05T08:07:32.389902+05:30
PVRINOX,INE191H01014,Media Entertainment & Publication,PVR INOX Ltd.,EQ,3365633,NSE,2026-09-05T08:07:32.389902+05:30
PAGEIND,INE761H01022,Textiles,Page Industries Ltd.,EQ,3689729,NSE,2026-09-05T08:07:32.389902+05:30
PARADEEP,INE088F01024,Chemicals,Paradeep Phosphates Ltd.,EQ,2493697,NSE,2026-09-05T08:07:32.389902+05:30
PATANJALI,INE619A01035,Fast Moving Consumer Goods,Patanjali Foods Ltd.,EQ,4359425,NSE,2026-09-05T08:07:32.389902+05:30
PERSISTENT,INE262H01021,Information Technology,Persistent Systems Ltd.,EQ,4701441,NSE,2026-09-05T08:07:32.389902+05:30
PETRONET,INE347G01014,Oil Gas & Consumable Fuels,Petronet LNG Ltd.,EQ,2905857,NSE,2026-09-05T08:07:32.389902+05:30
PFIZER,INE182A01018,Healthcare,Pfizer Ltd.,EQ,676609,NSE,2026-09-05T08:07:32.389902+05:30
PHOENIXLTD,INE211B01039,Realty,Phoenix Mills Ltd.,EQ,3725313,NSE,2026-09-05T08:07:32.389902+05:30
PWL,INE0LP301011,Consumer Services,Physicswallah Ltd.,EQ,194489089,NSE,2026-09-05T08:07:32.389902+05:30
PIDILITIND,INE318A01026,Chemicals,Pidilite Industries Ltd.,EQ,681985,NSE,2026-09-05T08:07:32.389902+05:30
PINELABS,INE15B701018,Financial Services,Pine Labs Ltd.,EQ,194513921,NSE,2026-09-05T08:07:32.389902+05:30
PIRAMALFIN,INE202B01038,Financial Services,Piramal Finance Ltd.,EQ,194445057,NSE,2026-09-05T08:07:32.389902+05:30
PPLPHARMA,INE0DK501011,Healthcare,Piramal Pharma Ltd.,EQ,2962177,NSE,2026-09-05T08:07:32.389902+05:30
POLYMED,INE205C01021,Healthcare,Poly Medicure Ltd.,EQ,6583809,NSE,2026-09-05T08:07:32.389902+05:30
POLYCAB,INE455K01017,Capital Goods,Polycab India Ltd.,EQ,2455041,NSE,2026-09-05T08:07:32.389902+05:30
POONAWALLA,INE511C01022,Financial Services,Poonawalla Fincorp Ltd.,EQ,2919169,NSE,2026-09-05T08:07:32.389902+05:30
PFC,INE134E01011,Financial Services,Power Finance Corporation Ltd.,EQ,3660545,NSE,2026-09-05T08:07:32.389902+05:30
POWERGRID,INE752E01010,Power,Power Grid Corporation of India Ltd.,EQ,3834113,NSE,2026-09-05T08:07:32.389902+05:30
PREMIERENE,INE0BS701011,Capital Goods,Premier Energies Ltd.,EQ,6412545,NSE,2026-09-05T08:07:32.389902+05:30
PRESTIGE,INE811K01011,Realty,Prestige Estates Projects Ltd.,EQ,5197313,NSE,2026-09-05T08:07:32.389902+05:30
PFOCUS,INE367G01038,Media Entertainment & Publication,Prime Focus Ltd.,EQ,3454977,NSE,2026-09-05T08:07:32.389902+05:30
PNB,INE160A01022,Financial Services,Punjab National Bank,EQ,2730497,NSE,2026-09-05T08:07:32.389902+05:30
RRKABEL,INE777K01022,Capital Goods,R R Kabel Ltd.,EQ,4752897,NSE,2026-09-05T08:07:32.389902+05:30
RBLBANK,INE976G01028,Financial Services,RBL Bank Ltd.,EQ,4708097,NSE,2026-09-05T08:07:32.389902+05:30
RECLTD,INE020B01018,Financial Services,REC Ltd.,EQ,3930881,NSE,2026-09-05T08:07:32.389902+05:30
RHIM,INE743M01012,Capital Goods,RHI MAGNESITA INDIA LTD.,EQ,7977729,NSE,2026-09-05T08:07:32.389902+05:30
RITES,INE320J01015,Construction,RITES Ltd.,EQ,962817,NSE,2026-09-05T08:07:32.389902+05:30
RADICO,INE944F01028,Fast Moving Consumer Goods,Radico Khaitan Ltd,EQ,2813441,NSE,2026-09-05T08:07:32.389902+05:30
RVNL,INE415G01027,Construction,Rail Vikas Nigam Ltd.,EQ,2445313,NSE,2026-09-05T08:07:32.389902+05:30
RAILTEL,INE0DD101019,Telecommunication,Railtel Corporation Of India Ltd.,EQ,622337,NSE,2026-09-05T08:07:32.389902+05:30
RAINBOW,INE961O01016,Healthcare,Rainbow Childrens Medicare Ltd.,EQ,2408449,NSE,2026-09-05T08:07:32.389902+05:30
RKFORGE,INE399G01023,Automobile and Auto Components,Ramkrishna Forgings Ltd.,EQ,2921217,NSE,2026-09-05T08:07:32.389902+05:30
REDINGTON,INE891D01026,Services,Redington Ltd.,EQ,3649281,NSE,2026-09-05T08:07:32.389902+05:30
RELIANCE,INE002A01018,Oil Gas & Consumable Fuels,Reliance Industries Ltd.,EQ,738561,NSE,2026-09-05T08:07:32.389902+05:30
RPOWER,INE614G01033,Power,Reliance Power Ltd.,EQ,3906305,NSE,2026-09-05T08:07:32.389902+05:30
SBFC,INE423Y01016,Financial Services,SBFC Finance Ltd.,EQ,4614657,NSE,2026-09-05T08:07:32.389902+05:30
SBICARD,INE018E01016,Financial Services,SBI Cards and Payment Services Ltd.,EQ,4600577,NSE,2026-09-05T08:07:32.389902+05:30
SBILIFE,INE123W01016,Financial Services,SBI Life Insurance Company Ltd.,EQ,5582849,NSE,2026-09-05T08:07:32.389902+05:30
SJVN,INE002L01015,Power,SJVN Ltd.,EQ,4834049,NSE,2026-09-05T08:07:32.389902+05:30
SRF,INE647A01010,Chemicals,SRF Ltd.,EQ,837889,NSE,2026-09-05T08:07:32.389902+05:30
SAGILITY,INE0W2G01015,Information Technology,Sagility Ltd.,EQ,6925313,NSE,2026-09-05T08:07:32.389902+05:30
SAILIFE,INE570L01029,Healthcare,Sai Life Sciences Ltd.,EQ,7126785,NSE,2026-09-05T08:07:32.389902+05:30
SAMMAANCAP,INE148I01020,Financial Services,Sammaan Capital Ltd.,EQ,7712001,NSE,2026-09-05T08:07:32.389902+05:30
MOTHERSON,INE775A01035,Automobile and Auto Components,Samvardhana Motherson International Ltd.,EQ,1076225,NSE,2026-09-05T08:07:32.389902+05:30
SAPPHIRE,INE806T01020,Consumer Services,Sapphire Foods India Ltd.,EQ,1719809,NSE,2026-09-05T08:07:32.389902+05:30
SARDAEN,INE385C01021,Metals & Mining,Sarda Energy and Minerals Ltd.,EQ,4546049,NSE,2026-09-05T08:07:32.389902+05:30
SAREGAMA,INE979A01025,Media Entertainment & Publication,Saregama India Ltd,EQ,1252353,NSE,2026-09-05T08:07:32.389902+05:30
SCHAEFFLER,INE513A01022,Automobile and Auto Components,Schaeffler India Ltd.,EQ,258817,NSE,2026-09-05T08:07:32.389902+05:30
SCHNEIDER,INE839M01018,Capital Goods,Schneider Electric Infrastructure Ltd.,EQ,7995905,NSE,2026-09-05T08:07:32.389902+05:30
SCI,INE109A01011,Services,Shipping Corporation of India Ltd.,EQ,780289,NSE,2026-09-05T08:07:32.389902+05:30
SHREECEM,INE070A01015,Construction Materials,Shree Cement Ltd.,EQ,794369,NSE,2026-09-05T08:07:32.389902+05:30
SHRIRAMFIN,INE721A01047,Financial Services,Shriram Finance Ltd.,EQ,1102337,NSE,2026-09-05T08:07:32.389902+05:30
SHYAMMETL,INE810G01011,Capital Goods,Shyam Metalics and Energy Ltd.,EQ,1201409,NSE,2026-09-05T08:07:32.389902+05:30
ENRIN,INE1NPP01017,Capital Goods,Siemens Energy India Ltd.,EQ,193758977,NSE,2026-09-05T08:07:32.389902+05:30
SIEMENS,INE003A01024,Capital Goods,Siemens Ltd.,EQ,806401,NSE,2026-09-05T08:07:32.389902+05:30
SIGNATURE,INE903U01023,Realty,Signatureglobal (India) Ltd.,EQ,4798209,NSE,2026-09-05T08:07:32.389902+05:30
SOBHA,INE671H01015,Realty,Sobha Ltd.,EQ,3539457,NSE,2026-09-05T08:07:32.389902+05:30
SOLARINDS,INE343H01029,Chemicals,Solar Industries India Ltd.,EQ,3412993,NSE,2026-09-05T08:07:32.389902+05:30
SONACOMS,INE073K01018,Automobile and Auto Components,Sona BLW Precision Forgings Ltd.,EQ,1199105,NSE,2026-09-05T08:07:32.389902+05:30
SONATSOFTW,INE269A01021,Information Technology,Sonata Software Ltd.,EQ,1688577,NSE,2026-09-05T08:07:32.389902+05:30
STARHEALTH,INE575P01011,Financial Services,Star Health and Allied Insurance Company Ltd.,EQ,1813249,NSE,2026-09-05T08:07:32.389902+05:30
SBIN,INE062A01020,Financial Services,State Bank of India,EQ,779521,NSE,2026-09-05T08:07:32.389902+05:30
SAIL,INE114A01011,Metals & Mining,Steel Authority of India Ltd.,EQ,758529,NSE,2026-09-05T08:07:32.389902+05:30
SUMICHEM,INE258G01013,Chemicals,Sumitomo Chemical India Ltd.,EQ,4378881,NSE,2026-09-05T08:07:32.389902+05:30
SUNPHARMA,INE044A01036,Healthcare,Sun Pharmaceutical Industries Ltd.,EQ,857857,NSE,2026-09-05T08:07:32.389902+05:30
SUNTV,INE424H01027,Media Entertainment & Publication,Sun TV Network Ltd.,EQ,3431425,NSE,2026-09-05T08:07:32.389902+05:30
SUNDARMFIN,INE660A01013,Financial Services,Sundaram Finance Ltd.,EQ,854785,NSE,2026-09-05T08:07:32.389902+05:30
SUPREMEIND,INE195A01028,Capital Goods,Supreme Industries Ltd.,EQ,860929,NSE,2026-09-05T08:07:32.389902+05:30
SPLPETRO,INE663A01033,Chemicals,Supreme Petrochem Ltd.,EQ,2461953,NSE,2026-09-05T08:07:32.389902+05:30
SUZLON,INE040H01021,Capital Goods,Suzlon Energy Ltd.,EQ,3076609,NSE,2026-09-05T08:07:32.389902+05:30
SWANCORP,INE665A01038,Chemicals,Swan Corp Ltd.,EQ,6936321,NSE,2026-09-05T08:07:32.389902+05:30
SWIGGY,INE00H001014,Consumer Services,Swiggy Ltd.,EQ,6928897,NSE,2026-09-05T08:07:32.389902+05:30
SYNGENE,INE398R01022,Healthcare,Syngene International Ltd.,EQ,2622209,NSE,2026-09-05T08:07:32.389902+05:30
SYRMA,INE0DYJ01015,Capital Goods,Syrma SGS Technology Ltd.,EQ,2763009,NSE,2026-09-05T08:07:32.389902+05:30
TBOTEK,INE673O01025,Consumer Services,TBO Tek Ltd.,EQ,6077441,NSE,2026-09-05T08:07:32.389902+05:30
TVSMOTOR,INE494B01023,Automobile and Auto Components,TVS Motor Company Ltd.,EQ,2170625,NSE,2026-09-05T08:07:32.389902+05:30
TATACAP,INE976I01016,Financial Services,Tata Capital Ltd.,EQ,194371841,NSE,2026-09-05T08:07:32.389902+05:30
TATACHEM,INE092A01019,Chemicals,Tata Chemicals Ltd.,EQ,871681,NSE,2026-09-05T08:07:32.389902+05:30
TATACOMM,INE151A01013,Telecommunication,Tata Communications Ltd.,EQ,952577,NSE,2026-09-05T08:07:32.389902+05:30
TCS,INE467B01029,Information Technology,Tata Consultancy Services Ltd.,EQ,2953217,NSE,2026-09-05T08:07:32.389902+05:30
TATACONSUM,INE192A01025,Fast Moving Consumer Goods,Tata Consumer Products Ltd.,EQ,878593,NSE,2026-09-05T08:07:32.389902+05:30
TATAELXSI,INE670A01012,Information Technology,Tata Elxsi Ltd.,EQ,873217,NSE,2026-09-05T08:07:32.389902+05:30
TATAINVEST,INE672A01026,Financial Services,Tata Investment Corporation Ltd.,EQ,414977,NSE,2026-09-05T08:07:32.389902+05:30
TMCV,INE1TAE01010,Capital Goods,Tata Motors Ltd.,EQ,194504193,NSE,2026-09-05T08:07:32.389902+05:30
TMPV,INE155A01022,Automobile and Auto Components,Tata Motors Passenger Vehicles Ltd.,EQ,884737,NSE,2026-09-05T08:07:32.389902+05:30
TATAPOWER,INE245A01021,Power,Tata Power Co. Ltd.,EQ,877057,NSE,2026-09-05T08:07:32.389902+05:30
TATASTEEL,INE081A01020,Metals & Mining,Tata Steel Ltd.,EQ,895745,NSE,2026-09-05T08:07:32.389902+05:30
TATATECH,INE142M01025,Information Technology,Tata Technologies Ltd.,EQ,5195009,NSE,2026-09-05T08:07:32.389902+05:30
TTML,INE517B01013,Telecommunication,Tata Teleservices (Maharashtra) Ltd.,EQ,2292225,NSE,2026-09-05T08:07:32.389902+05:30
TECHM,INE669C01036,Information Technology,Tech Mahindra Ltd.,EQ,3465729,NSE,2026-09-05T08:07:32.389902+05:30
TECHNOE,INE285K01026,Construction,Techno Electric & Engineering Company Ltd.,EQ,1649921,NSE,2026-09-05T08:07:32.389902+05:30
TEGA,INE011K01018,Capital Goods,Tega Industries Ltd.,EQ,1818881,NSE,2026-09-05T08:07:32.389902+05:30
TEJASNET,INE010J01012,Telecommunication,Tejas Networks Ltd.,EQ,5409537,NSE,2026-09-05T08:07:32.389902+05:30
TENNIND,INE19RI01016,Automobile and Auto Components,Tenneco Clean Air India Ltd.,EQ,194529281,NSE,2026-09-05T08:07:32.389902+05:30
NIACL,INE470Y01017,Financial Services,The New India Assurance Company Ltd.,EQ,102145,NSE,2026-09-05T08:07:32.389902+05:30
RAMCOCEM,INE331A01037,Construction Materials,The Ramco Cements Ltd.,EQ,523009,NSE,2026-09-05T08:07:32.389902+05:30
THERMAX,INE152A01029,Capital Goods,Thermax Ltd.,EQ,889601,NSE,2026-09-05T08:07:32.389902+05:30
TIMKEN,INE325A01013,Capital Goods,Timken India Ltd.,EQ,3634689,NSE,2026-09-05T08:07:32.389902+05:30
TITAGARH,INE615H01020,Capital Goods,Titagarh Rail Systems Ltd.,EQ,3945985,NSE,2026-09-05T08:07:32.389902+05:30
TITAN,INE280A01028,Consumer Durables,Titan Company Ltd.,EQ,897537,NSE,2026-09-05T08:07:32.389902+05:30
TORNTPHARM,INE685A01028,Healthcare,Torrent Pharmaceuticals Ltd.,EQ,900609,NSE,2026-09-05T08:07:32.389902+05:30
TORNTPOWER,INE813H01021,Power,Torrent Power Ltd.,EQ,3529217,NSE,2026-09-05T08:07:32.389902+05:30
TARIL,INE763I01026,Capital Goods,Transformers And Rectifiers (India) Ltd.,EQ,3884545,NSE,2026-09-05T08:07:32.389902+05:30
TRAVELFOOD,INE103V01028,Consumer Services,Travel Food Services Ltd.,EQ,193931521,NSE,2026-09-05T08:07:32.389902+05:30
TRENT,INE849A01020,Consumer Services,Trent Ltd.,EQ,502785,NSE,2026-09-05T08:07:32.389902+05:30
TRIDENT,INE064C01022,Textiles,Trident Ltd.,EQ,2479361,NSE,2026-09-05T08:07:32.389902+05:30
TRITURBINE,INE152M01016,Capital Goods,Triveni Turbine Ltd.,EQ,6549505,NSE,2026-09-05T08:07:32.389902+05:30
TIINDIA,INE974X01010,Automobile and Auto Components,Tube Investments of India Ltd.,EQ,79873,NSE,2026-09-05T08:07:32.389902+05:30
UCOBANK,INE691A01018,Financial Services,UCO Bank,EQ,2873089,NSE,2026-09-05T08:07:32.389902+05:30
UNOMINDA,INE405E01023,Automobile and Auto Components,UNO Minda Ltd.,EQ,3623425,NSE,2026-09-05T08:07:32.389902+05:30
UPL,INE628A01036,Chemicals,UPL Ltd.,EQ,2889473,NSE,2026-09-05T08:07:32.389902+05:30
UTIAMC,INE094J01016,Financial Services,UTI Asset Management Company Ltd.,EQ,134913,NSE,2026-09-05T08:07:32.389902+05:30
ULTRACEMCO,INE481G01011,Construction Materials,UltraTech Cement Ltd.,EQ,2952193,NSE,2026-09-05T08:07:32.389902+05:30
UNIONBANK,INE692A01016,Financial Services,Union Bank of India,EQ,2752769,NSE,2026-09-05T08:07:32.389902+05:30
UBL,INE686F01025,Fast Moving Consumer Goods,United Breweries Ltd.,EQ,4278529,NSE,2026-09-05T08:07:32.389902+05:30
UNITDSPR,INE854D01024,Fast Moving Consumer Goods,United Spirits Ltd.,EQ,2674433,NSE,2026-09-05T08:07:32.389902+05:30
URBANCO,INE0CAZ01013,Consumer Services,Urban Company Ltd.,EQ,194325505,NSE,2026-09-05T08:07:32.389902+05:30
USHAMART,INE228A01035,Capital Goods,Usha Martin Ltd.,EQ,2263041,NSE,2026-09-05T08:07:32.389902+05:30
VTL,INE825A01020,Textiles,Vardhman Textiles Ltd.,EQ,530689,NSE,2026-09-05T08:07:32.389902+05:30
VBL,INE200M01039,Fast Moving Consumer Goods,Varun Beverages Ltd.,EQ,4843777,NSE,2026-09-05T08:07:32.389902+05:30
VEDL,INE205A01025,Metals & Mining,Vedanta Ltd.,EQ,784129,NSE,2026-09-05T08:07:32.389902+05:30
VIJAYA,INE043W01024,Healthcare,Vijaya Diagnostic Centre Ltd.,EQ,1429761,NSE,2026-09-05T08:07:32.389902+05:30
VMM,INE01EA01019,Consumer Services,Vishal Mega Mart Ltd.,EQ,7160065,NSE,2026-09-05T08:07:32.389902+05:30
IDEA,INE669E01016,Telecommunication,Vodafone Idea Ltd.,EQ,3677697,NSE,2026-09-05T08:07:32.389902+05:30
VOLTAS,INE226A01021,Consumer Durables,Voltas Ltd.,EQ,951809,NSE,2026-09-05T08:07:32.389902+05:30
WAAREEENER,INE377N01017,Capital Goods,Waaree Energies Ltd.,EQ,6632193,NSE,2026-09-05T08:07:32.389902+05:30
WELCORP,INE191B01025,Capital Goods,Welspun Corp Ltd.,EQ,3026177,NSE,2026-09-05T08:07:32.389902+05:30
WELSPUNLIV,INE192B01031,Textiles,Welspun Living Ltd.,EQ,2880769,NSE,2026-09-05T08:07:32.389902+05:30
WHIRLPOOL,INE716A01013,Consumer Durables,Whirlpool of India Ltd.,EQ,4610817,NSE,2026-09-05T08:07:32.389902+05:30
WIPRO,INE075A01022,Information Technology,Wipro Ltd.,EQ,969473,NSE,2026-09-05T08:07:32.389902+05:30
WOCKPHARMA,INE049B01025,Healthcare,Wockhardt Ltd.,EQ,1921537,NSE,2026-09-05T08:07:32.389902+05:30
YESBANK,INE528G01035,Financial Services,Yes Bank Ltd.,EQ,3050241,NSE,2026-09-05T08:07:32.389902+05:30
ZFCVINDIA,INE342J01019,Automobile and Auto Components,ZF Commercial Vehicle Control Systems India Ltd.,EQ,4330241,NSE,2026-09-05T08:07:32.389902+05:30
ZEEL,INE256A01028,Media Entertainment & Publication,Zee Entertainment Enterprises Ltd.,EQ,975873,NSE,2026-09-05T08:07:32.389902+05:30
ZENTEC,INE251B01027,Capital Goods,Zen Technologies Ltd.,EQ,1922049,NSE,2026-09-05T08:07:32.389902+05:30
ZENSARTECH,INE520A01027,Information Technology,Zensar Technolgies Ltd.,EQ,275457,NSE,2026-09-05T08:07:32.389902+05:30
ZYDUSLIFE,INE010B01027,Healthcare,Zydus Lifesciences Ltd.,EQ,2029825,NSE,2026-09-05T08:07:32.389902+05:30
ZYDUSWELL,INE768C01028,Fast Moving Consumer Goods,Zydus Wellness Ltd.,EQ,4514561,NSE,2026-09-05T08:07:32.389902+05:30
ECLERX,INE738I01010,Services,eClerx Services Ltd.,EQ,3885825,NSE,2026-09-05T08:07:32.389902+05:30
NIFTY 50,,INDEX,NIFTY 50,INDEX,256265,NSE,2026-09-05T08:07:32.389902+05:30
